Date (undefined);RA (h);DEC (deg);Dobs (au);VMag (mag);dRAcosDEC (arcsec/min);dDEC (arcsec/min);RV (km/s)
2458484.5;18.72527311;-23.0599232;0.983352222486;-26.78;2.5742218;0.1952328;0.0958684
2458485.5;18.79888869;-22.979575;0.983345072742;-26.78;2.5729091;0.2143915;0.1040859
2458486.5;18.87241821;-22.8915882;0.9833421109;-26.78;2.5714025;0.2334488;0.1120025
2458487.5;18.94585222;-22.7960047;0.983343187422;-26.78;2.5697018;0.2523944;0.1196981
2458488.5;19.01918137;-22.6928705;0.983348199549;-26.78;2.5678083;0.2712183;0.1272525
2458489.5;19.0923965;-22.5822355;0.983357090509;-26.78;2.5657251;0.2899103;0.134743
2458490.5;19.16548865;-22.4641537;0.983369847494;-26.78;2.5634565;0.3084606;0.1422426
2458491.5;19.23844916;-22.3386829;0.983386498559;-26.78;2.5610079;0.3268597;0.1498179
2458492.5;19.31126965;-22.2058848;0.983407108787;-26.78;2.5583859;0.345098;0.1575286
2458493.5;19.3839421;-22.0658246;0.983431776251;-26.78;2.5555976;0.3631666;0.1654276
2458494.5;19.45645882;-21.9185711;0.983460628382;-26.78;2.5526508;0.3810567;0.1735624
2458495.5;19.52881252;-21.7641966;0.983493819249;-26.78;2.5495537;0.3987601;0.1819766
2458496.5;19.60099631;-21.6027765;0.983531528;-26.78;2.5463153;0.4162687;0.190712
2458497.5;19.6730037;-21.4343894;0.983573958348;-26.78;2.542945;0.4335752;0.1998105
2458498.5;19.74482867;-21.2591167;0.983621338405;-26.78;2.5394536;0.4506724;0.209313
2458499.5;19.81646567;-21.0770426;0.983673919549;-26.78;2.5358534;0.4675541;0.2192568
2458500.5;19.8879097;-20.8882536;0.983731972238;-26.78;2.5321583;0.4842145;0.2296678
2458501.5;19.95915634;-20.6928383;0.983795776161;-26.78;2.5283845;0.5006486;0.2405483
2458502.5;20.03020182;-20.4908872;0.983865602275;-26.78;2.5245495;0.5168524;0.2518619
2458503.5;20.10104305;-20.2824923;0.983941685993;-26.78;2.520671;0.5328224;0.2635191
2458504.5;20.17167755;-20.0677469;0.984024194466;-26.77;2.5167644;0.5485559;0.2753723
2458505.5;20.2421034;-19.8467452;0.984113195542;-26.77;2.5128407;0.56405;0.2872278
2458506.5;20.31231904;-19.6195827;0.984208638543;-26.77;2.5089046;0.5793017;0.2988739
2458507.5;20.38232312;-19.3863563;0.984310354521;-26.77;2.5049545;0.5943074;0.3101177
2458508.5;20.45211433;-19.1471643;0.984418076291;-26.77;2.5009842;0.609063;0.320815
2458509.5;20.52169128;-18.902107;0.984531470957;-26.77;2.4969856;0.6235637;0.3308822
2458510.5;20.59105253;-18.6512863;0.984650174609;-26.77;2.4929506;0.6378049;0.3402927
2458511.5;20.66019656;-18.3948062;0.984773821223;-26.77;2.4888729;0.6517816;0.3490622
2458512.5;20.72912186;-18.1327727;0.984902062489;-26.77;2.4847482;0.6654894;0.3572329
2458513.5;20.797827;-17.8652935;0.985034579201;-26.77;2.4805745;0.6789241;0.3648608
2458514.5;20.86631063;-17.5924777;0.985171086652;-26.77;2.4763513;0.6920817;0.3720076
2458515.5;20.93457158;-17.3144362;0.98531133664;-26.77;2.4720797;0.7049586;0.3787367
2458516.5;21.00260886;-17.0312812;0.985455118026;-26.77;2.4677615;0.7175515;0.3851119
2458517.5;21.07042168;-16.7431262;0.985602256908;-26.77;2.4633997;0.7298573;0.3911976
2458518.5;21.13800948;-16.450086;0.985752616834;-26.77;2.4589978;0.7418733;0.3970584
2458519.5;21.20537195;-16.1522763;0.985906099019;-26.77;2.4545602;0.753597;0.4027593
2458520.5;21.27250902;-15.8498137;0.986062642341;-26.77;2.4500917;0.7650263;0.4083648
2458521.5;21.33942091;-15.5428157;0.986222222974;-26.77;2.445598;0.7761595;0.4139387
2458522.5;21.40610812;-15.2314005;0.986384853615;-26.77;2.4410854;0.7869951;0.4195431
2458523.5;21.47257145;-14.9156867;0.986550582504;-26.77;2.4365608;0.7975322;0.4252385
2458524.5;21.53881201;-14.5957932;0.986719492534;-26.77;2.4320314;0.8077702;0.431084
2458525.5;21.60483122;-14.2718392;0.986891700699;-26.77;2.4275052;0.8177087;0.4371382
2458526.5;21.67063084;-13.9439439;0.987067357927;-26.77;2.422991;0.827348;0.4434598
2458527.5;21.73621297;-13.6122264;0.987246648829;-26.77;2.4184986;0.8366889;0.4501061
2458528.5;21.80158012;-13.2768051;0.987429790231;-26.77;2.4140393;0.8457329;0.4571301
2458529.5;21.86673517;-12.9377981;0.987617026466;-26.77;2.4096261;0.8544823;0.4645724
2458530.5;21.93168153;-12.595322;0.98780861876;-26.77;2.4052741;0.8629406;0.4724485
2458531.5;21.99642306;-12.249492;0.988004826091;-26.77;2.4009995;0.871112;0.4807323
2458532.5;22.06096417;-11.9004215;0.988205876717;-26.77;2.3968186;0.8790015;0.4893417
2458533.5;22.12530974;-11.5482219;0.988411933432;-26.77;2.3927453;0.8866143;0.4981331
2458534.5;22.18946505;-11.1930025;0.988623060531;-26.76;2.3887889;0.8939546;0.506913
2458535.5;22.25343557;-10.8348715;0.988839203117;-26.76;2.3849523;0.9010254;0.5154686
2458536.5;22.31722685;-10.4739361;0.989060186547;-26.76;2.3812322;0.9078275;0.5236049
2458537.5;22.3808443;-10.1103035;0.989285736071;-26.76;2.3776205;0.9143605;0.5311746
2458538.5;22.44429315;-9.7440816;0.989515508944;-26.76;2.3741075;0.9206226;0.5380904
2458539.5;22.50757839;-9.3753787;0.989749128457;-26.76;2.3706834;0.9266118;0.5443208
2458540.5;22.57070482;-9.0043044;0.989986211909;-26.76;2.3673397;0.9323261;0.5498744
2458541.5;22.63367708;-8.6309687;0.990226389409;-26.76;2.3640703;0.9377638;0.5547849
2458542.5;22.6964997;-8.2554823;0.990469314243;-26.76;2.3608705;0.9429238;0.5590978
2458543.5;22.75917714;-7.8779565;0.99071466734;-26.76;2.3577373;0.9478051;0.5628629
2458544.5;22.82171385;-7.4985027;0.990962158556;-26.76;2.3546685;0.9524072;0.566131
2458545.5;22.88411424;-7.1172327;0.991211526852;-26.76;2.3516627;0.9567295;0.5689528
2458546.5;22.94638273;-6.7342584;0.991462540652;-26.76;2.3487187;0.9607717;0.5713803
2458547.5;23.00852372;-6.3496917;0.991714998989;-26.76;2.3458359;0.9645337;0.5734685
2458548.5;23.07054166;-5.9636448;0.991968733504;-26.76;2.343014;0.9680154;0.5752762
2458549.5;23.132441;-5.57623;0.992223611046;-26.76;2.3402531;0.9712167;0.5768672
2458550.5;23.19422621;-5.1875591;0.992479536437;-26.76;2.3375542;0.9741379;0.5783099
2458551.5;23.25590183;-4.7977444;0.992736454977;-26.76;2.3349186;0.9767797;0.5796767
2458552.5;23.31747246;-4.4068974;0.992994354387;-26.76;2.3323488;0.9791427;0.5810427
2458553.5;23.3789428;-4.0151296;0.993253266066;-26.75;2.3298481;0.9812282;0.5824846
2458554.5;23.44031763;-3.6225516;0.993513265654;-26.75;2.3274207;0.9830379;0.5840796
2458555.5;23.5016019;-3.2292737;0.993774472856;-26.75;2.325072;0.9845739;0.5859039
2458556.5;23.56280071;-2.8354048;0.994037050158;-26.75;2.322809;0.9858391;0.5880298
2458557.5;23.62391938;-2.4410527;0.9943011995;-26.75;2.3206399;0.9868368;0.5905215
2458558.5;23.68496346;-2.0463238;0.994567155266;-26.75;2.318575;0.9875717;0.5934267
2458559.5;23.74593881;-1.6513224;0.994835171378;-26.75;2.316626;0.9880491;0.5967643
2458560.5;23.80685161;-1.2561503;0.995105500656;-26.75;2.314806;0.9882752;0.6005104
2458561.5;23.86770838;-0.8609071;0.995378366321;-26.75;2.3131274;0.9882568;0.6045864
2458562.5;23.92851596;-0.4656895;0.995653929072;-26.75;2.3116005;0.9880001;0.6088567
2458563.5;23.98928137;-0.0705919;0.995932257009;-26.75;2.3102313;0.9875101;0.6131412
2458564.5;0.05001173;0.3242927;0.996213307301;-26.75;2.3090201;0.9867899;0.6172427
2458565.5;0.11071409;0.7188722;0.996496925612;-26.75;2.3079619;0.9858404;0.6209791
2458566.5;0.17139529;1.1130544;0.99678286281;-26.75;2.3070478;0.9846603;0.624209
2458567.5;0.2320619;1.5067464;0.997070802406;-26.75;2.3062672;0.9832474;0.6268426
2458568.5;0.29272017;1.8998542;0.997360390002;-26.75;2.305609;0.981599;0.6288384
2458569.5;0.35337608;2.2922828;0.997651258064;-26.75;2.3050636;0.9797122;0.6301916
2458570.5;0.41403534;2.6839359;0.99794304311;-26.74;2.3046227;0.9775847;0.6309204
2458571.5;0.47470344;3.0747166;0.99823539565;-26.74;2.3042793;0.9752145;0.6310548
2458572.5;0.53538571;3.4645272;0.998527984809;-26.74;2.3040279;0.9726001;0.6306297
2458573.5;0.59608728;3.8532693;0.998820499947;-26.74;2.3038632;0.96974;0.6296814
2458574.5;0.65681315;4.2408441;0.999112651233;-26.74;2.3037806;0.9666331;0.628247
2458575.5;0.71756818;4.6271522;0.999404170577;-26.74;2.3037757;0.9632781;0.6263664
2458576.5;0.77835708;5.012094;0.999694813781;-26.74;2.3038441;0.959674;0.6240842
2458577.5;0.83918439;5.3955692;0.999984364239;-26.74;2.3039814;0.9558195;0.6214529
2458578.5;0.90005456;5.777477;1.000272638084;-26.74;2.3041837;0.9517136;0.618535
2458579.5;0.96097186;6.1577164;1.000559490293;-26.74;2.3044476;0.9473554;0.6154037
2458580.5;1.02194049;6.536186;1.000844820961;-26.74;2.3047706;0.9427444;0.6121429
2458581.5;1.08296453;6.9127842;1.001128580848;-26.74;2.3051514;0.9378804;0.6088449
2458582.5;1.14404802;7.2874096;1.001410775358;-26.74;2.3055902;0.9327639;0.6056071
2458583.5;1.20519499;7.6599611;1.001691466329;-26.74;2.3060885;0.9273962;0.6025279
2458584.5;1.26640947;8.0303381;1.001970771232;-26.74;2.3066498;0.9217791;0.5997018
2458585.5;1.3276956;8.3984412;1.002248859419;-26.74;2.3072791;0.9159156;0.5972142
2458586.5;1.3890576;8.764172;1.002525944937;-26.73;2.3079834;0.9098091;0.5951345
2458587.5;1.45049987;9.127434;1.00280227507;-26.73;2.308771;0.9034643;0.5935079
2458588.5;1.51202701;9.4881325;1.003078113686;-26.73;2.3096516;0.8968862;0.5923462
2458589.5;1.57364382;9.846175;1.003353718953;-26.73;2.3106352;0.8900808;0.5916179
2458590.5;1.63535535;10.2014714;1.003629316514;-26.73;2.3117309;0.8830536;0.5912427
2458591.5;1.69716677;10.5539336;1.003905071546;-26.73;2.3129456;0.8758097;0.591094
2458592.5;1.75908339;10.9034755;1.004181065243;-26.73;2.3142823;0.8683529;0.5910121
2458593.5;1.82111046;11.2500121;1.004457281502;-26.73;2.3157396;0.8606852;0.5908252
2458594.5;1.88325309;11.5934588;1.004733607159;-26.73;2.3173119;0.8528069;0.5903739
2458595.5;1.94551613;11.9337309;1.005009844825;-26.73;2.3189901;0.8447167;0.5895296
2458596.5;2.0079041;12.2707429;1.005285733669;-26.73;2.3207638;0.8364126;0.588203
2458597.5;2.07042117;12.6044084;1.005560972171;-26.73;2.3226218;0.8278921;0.5863428
2458598.5;2.13307115;12.9346402;1.005835238028;-26.73;2.3245536;0.8191526;0.5839277
2458599.5;2.1958575;13.2613499;1.006108202813;-26.73;2.3265495;0.8101922;0.5809571
2458600.5;2.25878336;13.5844486;1.006379541175;-26.73;2.3286007;0.8010091;0.5774421
2458601.5;2.32185157;13.9038467;1.006648935695;-26.73;2.3306994;0.791602;0.5733991
2458602.5;2.38506468;14.2194541;1.006916079079;-26.73;2.3328378;0.7819699;0.5688471
2458603.5;2.44842494;14.5311803;1.00718067533;-26.72;2.3350085;0.7721118;0.5638072
2458604.5;2.51193432;14.8389346;1.007442441355;-26.72;2.3372039;0.7620271;0.5583042
2458605.5;2.57559448;15.142626;1.007701110098;-26.72;2.339416;0.7517149;0.55237
2458606.5;2.63940679;15.4421631;1.007956435952;-26.72;2.3416367;0.7411746;0.5460483
2458607.5;2.70337227;15.7374544;1.008208202669;-26.72;2.3438581;0.7304057;0.5393981
2458608.5;2.76749165;16.028408;1.008456233364;-26.72;2.3460725;0.7194078;0.5324974
2458609.5;2.83176536;16.3149323;1.008700401495;-26.72;2.3482736;0.7081811;0.5254428
2458610.5;2.89619355;16.5969357;1.008940641092;-26.72;2.3504566;0.6967266;0.5183468
2458611.5;2.96077619;16.8743272;1.009176954228;-26.72;2.3526188;0.6850461;0.5113315
2458612.5;3.02551307;17.1470167;1.009409414009;-26.72;2.3547599;0.6731424;0.5045193
2458613.5;3.09040392;17.4149155;1.009638162053;-26.72;2.3568824;0.6610194;0.4980236
2458614.5;3.15544844;17.6779367;1.009863400307;-26.72;2.3589908;0.6486817;0.4919386
2458615.5;3.22064638;17.9359952;1.010085377762;-26.72;2.3610912;0.6361351;0.4863318
2458616.5;3.28599756;18.1890085;1.010304372939;-26.72;2.3631914;0.6233857;0.4812373
2458617.5;3.35150193;18.4368967;1.010520673106;-26.72;2.3652994;0.6104399;0.476651
2458618.5;3.41715954;18.6795824;1.010734551427;-26.72;2.3674229;0.5973044;0.4725281
2458619.5;3.4829705;18.9169906;1.010946243754;-26.72;2.3695682;0.5839851;0.468785
2458620.5;3.54893501;19.149049;1.011155927622;-26.72;2.3717394;0.5704877;0.4653052
2458621.5;3.61505319;19.3756869;1.011363706471;-26.72;2.3739374;0.5568168;0.4619511
2458622.5;3.68132503;19.5968357;1.011569601765;-26.72;2.3761597;0.542976;0.4585794
2458623.5;3.74775032;19.8124277;1.01177355412;-26.71;2.3784008;0.5289679;0.4550559
2458624.5;3.8143285;20.0223963;1.01197543244;-26.71;2.3806526;0.5147945;0.4512679
2458625.5;3.88105868;20.2266756;1.012175048206;-26.71;2.3829054;0.5004572;0.4471299
2458626.5;3.94793955;20.4252;1.012372171431;-26.71;2.3851493;0.4859576;0.4425834
2458627.5;4.01496941;20.6179049;1.012566545248;-26.71;2.3873739;0.4712973;0.4375928
2458628.5;4.08214614;20.8047262;1.012757897355;-26.71;2.3895699;0.4564781;0.4321389
2458629.5;4.14946726;20.9856006;1.012945947779;-26.71;2.391728;0.4415023;0.4262131
2458630.5;4.2169299;21.1604659;1.013130413427;-26.71;2.3938396;0.4263727;0.4198123
2458631.5;4.28453084;21.3292608;1.013311010445;-26.71;2.3958964;0.411092;0.4129363
2458632.5;4.35226649;21.4919256;1.013487455701;-26.71;2.3978898;0.3956635;0.4055875
2458633.5;4.4201329;21.6484014;1.013659468773;-26.71;2.3998109;0.3800906;0.397773
2458634.5;4.48812575;21.7986312;1.013826775848;-26.71;2.4016504;0.3643768;0.3895089
2458635.5;4.55624032;21.942559;1.013989116724;-26.71;2.4033983;0.3485256;0.3808267
2458636.5;4.62447147;22.0801306;1.014146255669;-26.71;2.4050445;0.332541;0.3717801
2458637.5;4.69281369;22.2112931;1.01429799598;-26.71;2.4065795;0.3164272;0.3624503
2458638.5;4.76126111;22.3359956;1.014444196756;-26.71;2.4079951;0.3001889;0.3529483
2458639.5;4.82980751;22.4541892;1.014584788995;-26.71;2.4092855;0.2838317;0.34341
2458640.5;4.89844648;22.5658273;1.014719787221;-26.71;2.4104484;0.2673619;0.3339853
2458641.5;4.96717151;22.6708661;1.014849293222;-26.71;2.4114853;0.2507868;0.3248226
2458642.5;5.03597606;22.7692648;1.014973490191;-26.71;2.4124012;0.2341145;0.3160518
2458643.5;5.1048537;22.8609859;1.015092627987;-26.71;2.4132039;0.2173535;0.307771
2458644.5;5.1737982;22.9459955;1.015207002177;-26.71;2.4139031;0.2005127;0.3000386
2458645.5;5.2428035;23.0242632;1.015316930292;-26.71;2.414509;0.1836011;0.2928714
2458646.5;5.31186381;23.095762;1.015422728258;-26.71;2.4150316;0.1666271;0.2862468
2458647.5;5.38097352;23.1604684;1.015524689029;-26.71;2.41548;0.1495992;0.280108
2458648.5;5.45012722;23.218362;1.015623064612;-26.71;2.4158613;0.132525;0.2743704
2458649.5;5.51931963;23.2694255;1.015718052276;-26.71;2.416181;0.1154118;0.2689296
2458650.5;5.58854555;23.3136444;1.015809785588;-26.71;2.4164419;0.0982665;0.2636701
2458651.5;5.65779978;23.3510066;1.015898330715;-26.71;2.4166445;0.0810953;0.2584747
2458652.5;5.72707708;23.3815027;1.01598368795;-26.71;2.4167873;0.0639042;0.253233
2458653.5;5.7963721;23.4051254;1.016065797678;-26.71;2.416867;0.0466988;0.2478479
2458654.5;5.86567937;23.4218698;1.016144549364;-26.71;2.4168791;0.0294848;0.2422396
2458655.5;5.93499325;23.4317332;1.016219791772;-26.71;2.4168187;0.0122676;0.236346
2458656.5;6.00430797;23.4347149;1.016291342741;-26.7;2.4166808;-0.0049472;0.2301206
2458657.5;6.07361758;23.4308167;1.016358997283;-26.7;2.4164603;-0.0221537;0.2235292
2458658.5;6.142916;23.4200426;1.016422533443;-26.7;2.4161527;-0.0393462;0.2165456
2458659.5;6.21219705;23.402399;1.016481715924;-26.7;2.4157536;-0.0565186;0.2091482
2458660.5;6.2814544;23.3778946;1.016536298057;-26.7;2.4152585;-0.0736651;0.201318
2458661.5;6.35068164;23.3465407;1.016586023078;-26.7;2.4146627;-0.0907792;0.193038
2458662.5;6.41987223;23.3083508;1.016630626072;-26.7;2.4139609;-0.1078549;0.1842964
2458663.5;6.48901949;23.2633412;1.016669838228;-26.7;2.4131468;-0.1248858;0.1750916
2458664.5;6.55811659;23.2115306;1.016703395151;-26.7;2.4122133;-0.1418653;0.1654408
2458665.5;6.62715653;23.1529403;1.016731050642;-26.7;2.4111526;-0.1587869;0.1553903
2458666.5;6.69613212;23.0875943;1.01675259616;-26.7;2.4099573;-0.1756436;0.145024
2458667.5;6.76503606;23.0155196;1.016767884101;-26.7;2.4086219;-0.1924282;0.1344673
2458668.5;6.83386099;22.9367459;1.016776850423;-26.7;2.4071439;-0.2091335;0.1238809
2458669.5;6.90259962;22.8513057;1.016779530458;-26.7;2.4055258;-0.2257518;0.1134431
2458670.5;6.97124487;22.7592349;1.01677606243;-26.7;2.4037748;-0.2422759;0.103326
2458671.5;7.03979001;22.660572;1.01676667669;-26.7;2.4019026;-0.2586986;0.0936717
2458672.5;7.1082288;22.5553584;1.016751673248;-26.7;2.3999238;-0.2750131;0.0845764
2458673.5;7.17655553;22.443638;1.016731393371;-26.7;2.3978541;-0.2912132;0.0760855
2458674.5;7.24476502;22.3254571;1.01670619134;-26.7;2.3957089;-0.3072933;0.0681987
2458675.5;7.31285263;22.2008642;1.016676410495;-26.7;2.3935024;-0.3232481;0.0608791
2458676.5;7.3808142;22.0699097;1.016642365155;-26.7;2.3912469;-0.3390731;0.0540637
2458677.5;7.448646;21.9326459;1.016604328184;-26.7;2.3889528;-0.3547639;0.0476722
2458678.5;7.51634466;21.7891265;1.016562523167;-26.7;2.3866288;-0.3703166;0.0416144
2458679.5;7.58390716;21.6394071;1.016517120228;-26.7;2.3842813;-0.3857274;0.0357954
2458680.5;7.65133074;21.4835443;1.016468234785;-26.7;2.3819155;-0.4009928;0.0301205
2458681.5;7.71861287;21.3215965;1.016415928814;-26.7;2.3795347;-0.4161095;0.024499
2458682.5;7.78575119;21.1536232;1.016360214213;-26.7;2.3771411;-0.431074;0.0188478
2458683.5;7.85274354;20.9796854;1.016301057731;-26.7;2.3747358;-0.4458832;0.0130933
2458684.5;7.91958785;20.7998452;1.016238386729;-26.71;2.3723193;-0.4605337;0.0071718
2458685.5;7.9862822;20.6141661;1.016172094969;-26.71;2.3698915;-0.4750223;0.0010296
2458686.5;8.05282476;20.422713;1.016102047685;-26.71;2.3674522;-0.4893458;-0.0053794
2458687.5;8.1192138;20.225552;1.0160280854;-26.71;2.3650009;-0.503501;-0.0120959
2458688.5;8.18544771;20.0227503;1.015950026325;-26.71;2.3625369;-0.5174847;-0.0191576
2458689.5;8.25152497;19.8143768;1.015867667574;-26.71;2.3600592;-0.5312936;-0.0266006
2458690.5;8.3174441;19.6005014;1.015780785937;-26.71;2.3575657;-0.5449244;-0.0344598
2458691.5;8.3832037;19.3811955;1.015689139515;-26.71;2.3550535;-0.5583735;-0.0427651
2458692.5;8.44880237;19.156532;1.015592472072;-26.71;2.352518;-0.5716371;-0.0515353
2458693.5;8.51423867;18.9265853;1.015490522399;-26.71;2.3499532;-0.584711;-0.0607677
2458694.5;8.57951111;18.6914317;1.015383040713;-26.71;2.347352;-0.5975904;-0.0704239
2458695.5;8.64461808;18.4511496;1.015269812757;-26.71;2.3447071;-0.6102703;-0.0804182
2458696.5;8.70955794;18.2058191;1.015150689192;-26.71;2.3420134;-0.6227457;-0.0906127
2458697.5;8.77432904;17.9555225;1.015025614109;-26.71;2.3392694;-0.6350119;-0.1008255
2458698.5;8.83892991;17.7003439;1.014894643995;-26.71;2.3364792;-0.6470651;-0.1108551
2458699.5;8.90335936;17.4403684;1.014757949968;-26.71;2.3336525;-0.6589027;-0.1205122
2458700.5;8.96761669;17.1756821;1.014615801764;-26.71;2.3308036;-0.6705235;-0.1296492
2458701.5;9.03170172;16.9063714;1.014468538648;-26.71;2.327949;-0.6819273;-0.1381749
2458702.5;9.09561485;16.6325225;1.014316536015;-26.71;2.3251056;-0.6931146;-0.1460546
2458703.5;9.15935703;16.3542214;1.014160175484;-26.71;2.3222887;-0.7040861;-0.1532996
2458704.5;9.22292972;16.0715538;1.013999822558;-26.71;2.3195118;-0.7148431;-0.1599525
2458705.5;9.28633481;15.784605;1.013835812285;-26.71;2.3167863;-0.7253864;-0.1660744
2458706.5;9.34957458;15.4934596;1.01366844125;-26.71;2.3141215;-0.7357171;-0.1717363
2458707.5;9.4126516;15.1982024;1.0134979637;-26.71;2.311525;-0.7458359;-0.1770132
2458708.5;9.47556876;14.8989175;1.01332459002;-26.71;2.3090029;-0.7557435;-0.1819816
2458709.5;9.53832914;14.5956888;1.013148486484;-26.71;2.3065602;-0.7654408;-0.1867176
2458710.5;9.60093604;14.2886002;1.01296977577;-26.71;2.3042007;-0.774928;-0.1912957
2458711.5;9.66339292;13.9777353;1.012788538122;-26.71;2.3019272;-0.7842056;-0.1957878
2458712.5;9.72570339;13.6631775;1.012604813106;-26.71;2.2997416;-0.7932737;-0.2002626
2458713.5;9.78787114;13.3450104;1.012418601866;-26.71;2.2976449;-0.8021324;-0.2047843
2458714.5;9.84989998;13.0233176;1.01222986962;-26.71;2.2956377;-0.8107814;-0.2094126
2458715.5;9.91179378;12.6981827;1.01203854804;-26.71;2.2937197;-0.8192205;-0.2142038
2458716.5;9.97355646;12.3696896;1.011844537138;-26.71;2.2918902;-0.827449;-0.2192112
2458717.5;10.03519196;12.0379224;1.01164770641;-26.71;2.2901479;-0.8354664;-0.2244869
2458718.5;10.09670428;11.7029656;1.011447895339;-26.72;2.2884907;-0.8432715;-0.2300824
2458719.5;10.15809734;11.3649041;1.011244913799;-26.72;2.2869154;-0.8508631;-0.236048
2458720.5;10.21937508;11.0238238;1.011038543607;-26.72;2.2854171;-0.8582391;-0.2424292
2458721.5;10.28054129;10.6798111;1.010828543234;-26.72;2.2839895;-0.8653968;-0.2492592
2458722.5;10.34159964;10.3329539;1.010614658246;-26.72;2.282624;-0.8723327;-0.2565468
2458723.5;10.4025536;9.9833417;1.010396639943;-26.72;2.2813109;-0.8790423;-0.2642601
2458724.5;10.46340642;9.6310661;1.01017427293;-26.72;2.2800404;-0.8855204;-0.2723134
2458725.5;10.52416116;9.2762204;1.009947408662;-26.72;2.2788047;-0.8917623;-0.2805611
2458726.5;10.58482078;8.9189001;1.009715997375;-26.72;2.2776004;-0.8977638;-0.2888096
2458727.5;10.64538827;8.5592017;1.009480108182;-26.72;2.2764298;-0.9035227;-0.2968465
2458728.5;10.70586682;8.1972223;1.009239929614;-26.72;2.2753012;-0.9090389;-0.3044763
2458729.5;10.76625993;7.8330589;1.008995750205;-26.72;2.274227;-0.9143141;-0.3115514
2458730.5;10.82657153;7.4668071;1.008747926342;-26.72;2.2732214;-0.9193512;-0.3179845
2458731.5;10.88680596;7.0985617;1.008496847665;-26.72;2.2722984;-0.9241538;-0.3237453
2458732.5;10.94696795;6.7284158;1.008242908084;-26.72;2.2714703;-0.9287252;-0.3288458
2458733.5;11.00706257;6.3564612;1.007986485809;-26.72;2.2707475;-0.9330686;-0.333325
2458734.5;11.06709518;5.9827887;1.007727931872;-26.72;2.2701379;-0.9371866;-0.3372353
2458735.5;11.12707134;5.6074881;1.007467564736;-26.72;2.2696481;-0.9410814;-0.340635
2458736.5;11.18699681;5.2306485;1.007205668389;-26.72;2.2692832;-0.9447546;-0.3435837
2458737.5;11.24687749;4.8523583;1.006942491864;-26.72;2.2690473;-0.9482079;-0.3461416
2458738.5;11.30671941;4.4727053;1.006678249018;-26.73;2.2689437;-0.9514425;-0.3483693
2458739.5;11.36652871;4.0917769;1.006413118015;-26.73;2.2689751;-0.9544593;-0.3503286
2458740.5;11.42631158;3.7096603;1.006147240489;-26.73;2.2691434;-0.9572592;-0.352083
2458741.5;11.48607431;3.3264423;1.00588072057;-26.73;2.2694496;-0.9598425;-0.3536976
2458742.5;11.54582321;2.9422097;1.005613624051;-26.73;2.2698942;-0.9622096;-0.3552385
2458743.5;11.6055646;2.5570491;1.005345977851;-26.73;2.2704768;-0.9643602;-0.3567726
2458744.5;11.66530482;2.1710475;1.005077769808;-26.73;2.271196;-0.9662938;-0.3583671
2458745.5;11.72505017;1.784292;1.004808948662;-26.73;2.2720498;-0.9680095;-0.3600888
2458746.5;11.78480689;1.3968702;1.004539424124;-26.73;2.2730353;-0.969506;-0.3620046
2458747.5;11.84458115;1.0088704;1.004269067034;-26.73;2.2741483;-0.9707815;-0.3641807
2458748.5;11.90437902;0.6203817;1.003997710097;-26.73;2.2753833;-0.9718334;-0.366681
2458749.5;11.96420639;0.2314945;1.003725150306;-26.73;2.2767332;-0.9726583;-0.3695629
2458750.5;12.02406896;-0.1576994;1.00345115496;-26.73;2.278189;-0.9732521;-0.3728687
2458751.5;12.08397219;-0.5471064;1.003175473777;-26.73;2.2797396;-0.9736092;-0.3766132
2458752.5;12.1439212;-0.9366302;1.002897859344;-26.73;2.2813727;-0.9737234;-0.3807679
2458753.5;12.20392082;-1.3261719;1.002618096217;-26.73;2.2830762;-0.9735875;-0.3852476
2458754.5;12.26397558;-1.7156301;1.002336035165;-26.73;2.28484;-0.9731953;-0.3899078
2458755.5;12.32408978;-2.1049007;1.002051624629;-26.74;2.2866585;-0.9725415;-0.3945576
2458756.5;12.38426768;-2.4938783;1.001764929494;-26.74;2.2885315;-0.9716231;-0.3989893
2458757.5;12.44451358;-2.8824566;1.001476130492;-26.74;2.2904644;-0.9704398;-0.4030139
2458758.5;12.504832;-3.2705296;1.001185504864;-26.74;2.2924662;-0.9689931;-0.4064885
2458759.5;12.56522771;-3.6579922;1.000893395812;-26.74;2.2945479;-0.9672858;-0.4093267
2458760.5;12.62570578;-4.0447405;1.000600180475;-26.74;2.2967196;-0.965321;-0.4114943
2458761.5;12.68627152;-4.4306718;1.000306243636;-26.74;2.2989903;-0.9631016;-0.4129953
2458762.5;12.74693045;-4.8156846;1.000011959957;-26.74;2.3013672;-0.96063;-0.4138569
2458763.5;12.80768826;-5.1996781;0.999717684066;-26.74;2.3038554;-0.9579079;-0.4141184
2458764.5;12.86855073;-5.5825521;0.999423746145;-26.74;2.3064588;-0.9549366;-0.4138229
2458765.5;12.92952374;-5.9642069;0.999130450529;-26.74;2.3091805;-0.951717;-0.4130151
2458766.5;12.99061321;-6.344543;0.9988380753;-26.74;2.3120227;-0.9482496;-0.4117399
2458767.5;13.05182512;-6.7234611;0.998546871582;-26.74;2.314987;-0.9445349;-0.4100445
2458768.5;13.11316546;-7.1008621;0.998257061884;-26.74;2.318075;-0.9405732;-0.4079797
2458769.5;13.17464025;-7.476647;0.997968837323;-26.74;2.3212875;-0.9363645;-0.4056022
2458770.5;13.23625548;-7.8507169;0.997682353971;-26.75;2.3246247;-0.9319089;-0.4029754
2458771.5;13.29801715;-8.2229725;0.997397728795;-26.75;2.3280861;-0.9272058;-0.4001698
2458772.5;13.35993119;-8.5933147;0.99711503576;-26.75;2.3316703;-0.9222546;-0.3972622
2458773.5;13.42200346;-8.9616438;0.996834302625;-26.75;2.3353745;-0.9170542;-0.3943341
2458774.5;13.48423969;-9.3278594;0.996555508778;-26.75;2.3391949;-0.9116028;-0.3914697
2458775.5;13.54664548;-9.6918608;0.996278584342;-26.75;2.3431261;-0.9058981;-0.3887537
2458776.5;13.60922621;-10.0535457;0.996003410707;-26.75;2.3471612;-0.8999372;-0.3862683
2458777.5;13.67198702;-10.4128108;0.99572982287;-26.75;2.3512916;-0.8937167;-0.38409
2458778.5;13.73493278;-10.7695514;0.995457614392;-26.75;2.3555068;-0.8872319;-0.3822835
2458779.5;13.79806796;-11.1236605;0.995186546379;-26.75;2.3597943;-0.8804778;-0.3808937
2458780.5;13.86139665;-11.4750291;0.994916362207;-26.75;2.36414;-0.8734483;-0.379934
2458781.5;13.92492249;-11.8235457;0.994646809269;-26.75;2.3685287;-0.8661369;-0.3793742
2458782.5;13.98864862;-12.169096;0.99437766718;-26.75;2.3729456;-0.8585371;-0.3791311
2458783.5;14.05257778;-12.5115634;0.994108778765;-26.75;2.3773779;-0.8506431;-0.3790694
2458784.5;14.11671232;-12.8508293;0.993840077045;-26.75;2.381817;-0.8424508;-0.3790149
2458785.5;14.18105434;-13.1867737;0.993571600615;-26.75;2.3862589;-0.8339581;-0.3787805
2458786.5;14.24560583;-13.5192764;0.99330349279;-26.75;2.3907044;-0.8251653;-0.3781947
2458787.5;14.31036877;-13.8482176;0.993035985609;-26.76;2.3951574;-0.8160744;-0.3771239
2458788.5;14.37534518;-14.1734787;0.992769374722;-26.76;2.3996237;-0.8066884;-0.3754813
2458789.5;14.44053716;-14.4949422;0.992503992777;-26.76;2.4041089;-0.7970107;-0.3732237
2458790.5;14.50594687;-14.8124921;0.992240187029;-26.76;2.4086177;-0.7870448;-0.3703412
2458791.5;14.57157647;-15.1260138;0.991978303683;-26.76;2.4131532;-0.7767937;-0.3668449
2458792.5;14.6374281;-15.4353936;0.991718678718;-26.76;2.4177172;-0.7662601;-0.3627571
2458793.5;14.70350385;-15.7405191;0.991461633503;-26.76;2.4223107;-0.7554463;-0.3581048
2458794.5;14.76980568;-16.0412786;0.991207473149;-26.76;2.4269336;-0.7443547;-0.3529166
2458795.5;14.83633549;-16.3375615;0.990956485758;-26.76;2.4315857;-0.7329875;-0.3472226
2458796.5;14.90309502;-16.629258;0.990708941162;-26.76;2.4362665;-0.7213469;-0.3410558
2458797.5;14.97008592;-16.9162593;0.990465088219;-26.76;2.4409755;-0.7094355;-0.334456
2458798.5;15.03730968;-17.1984575;0.990225150203;-26.76;2.445712;-0.6972556;-0.3274722
2458799.5;15.10476765;-17.4757459;0.989989318319;-26.76;2.450475;-0.68481;-0.3201664
2458800.5;15.17246105;-17.7480186;0.989757743861;-26.76;2.4552628;-0.6721011;-0.3126147
2458801.5;15.24039088;-18.0151709;0.989530530032;-26.76;2.4600725;-0.6591311;-0.3049069
2458802.5;15.30855792;-18.2770987;0.989307724672;-26.76;2.4648995;-0.645902;-0.297144
2458803.5;15.37696267;-18.5336989;0.989089315182;-26.76;2.4697377;-0.6324153;-0.2894332
2458804.5;15.4456053;-18.7848686;0.988875226641;-26.76;2.4745784;-0.6186719;-0.2818819
2458805.5;15.51448555;-19.0305055;0.988665323655;-26.76;2.4794111;-0.6046725;-0.2745909
2458806.5;15.58360271;-19.2705071;0.988459416121;-26.77;2.484223;-0.590417;-0.2676477
2458807.5;15.65295551;-19.5047711;0.988257268937;-26.77;2.4889994;-0.5759054;-0.2611195
2458808.5;15.72254212;-19.733195;0.988058615804;-26.77;2.4937241;-0.5611372;-0.2550461
2458809.5;15.79236006;-19.9556762;0.987863177312;-26.77;2.4983797;-0.5461121;-0.2494321
2458810.5;15.8624062;-20.1721121;0.98767068311;-26.77;2.5029484;-0.5308302;-0.2442411
2458811.5;15.93267674;-20.3823999;0.987480896834;-26.77;2.5074137;-0.5152921;-0.2393925
2458812.5;16.0031673;-20.5864378;0.987293640782;-26.77;2.511761;-0.4994997;-0.2347656
2458813.5;16.07387294;-20.7841245;0.987108815897;-26.77;2.5159794;-0.4834563;-0.2302122
2458814.5;16.14478831;-20.9753607;0.98692641263;-26.77;2.5200619;-0.4671669;-0.2255749
2458815.5;16.21590774;-21.1600492;0.986746510304;-26.77;2.5240056;-0.450638;-0.2207073
2458816.5;16.28722537;-21.3380958;0.986569265909;-26.77;2.5278106;-0.4338771;-0.2154897
2458817.5;16.35873518;-21.5094094;0.986394896149;-26.77;2.5314788;-0.4168929;-0.2098365
2458818.5;16.43043109;-21.6739023;0.986223657669;-26.77;2.5350129;-0.3996942;-0.2036953
2458819.5;16.50230689;-21.8314907;0.986055829493;-26.77;2.5384151;-0.3822901;-0.1970405
2458820.5;16.57440736;-21.9833708;0.985883241753;-26.77;2.5269936;-0.3688598;-0.3133617
2458821.5;16.64657296;-22.1256357;0.985731557933;-26.77;2.5448304;-0.3469019;-0.1821778
2458822.5;16.71895029;-22.2620423;0.9855756889;-26.77;2.5478451;-0.3289356;-0.1739786
2458823.5;16.79148166;-22.3912442;0.985424372601;-26.77;2.5507317;-0.3107998;-0.1652831
2458824.5;16.86416028;-22.5131754;0.985277882084;-26.77;2.5534908;-0.2925037;-0.1561044
2458825.5;16.93697927;-22.6277734;0.985136482174;-26.77;2.5561236;-0.2740565;-0.1464595
2458826.5;17.00993164;-22.7349796;0.985000426146;-26.77;2.5586316;-0.2554675;-0.1363732
2458827.5;17.08301034;-22.8347389;0.984869949657;-26.77;2.5610172;-0.2367464;-0.1258837
2458828.5;17.1562083;-22.9270004;0.984745261448;-26.77;2.5632831;-0.2179025;-0.1150478
2458829.5;17.22951839;-23.0117165;0.984626531148;-26.77;2.5654315;-0.1989455;-0.1039457
2458830.5;17.30293344;-23.0888436;0.984513875528;-26.77;2.5674638;-0.1798847;-0.0926813
2458831.5;17.3764462;-23.1583419;0.984407345527;-26.77;2.5693795;-0.1607288;-0.0813784
2458832.5;17.45004929;-23.2201747;0.984306916927;-26.77;2.5711756;-0.1414864;-0.0701728
2458833.5;17.5237351;-23.2743088;0.98421248714;-26.77;2.5728458;-0.1221658;-0.0591991
2458834.5;17.59749575;-23.3207143;0.984123879386;-26.77;2.5743814;-0.1027748;-0.0485786
2458835.5;17.67132299;-23.3593641;0.984040853891;-26.77;2.5757712;-0.0833213;-0.0384079
2458836.5;17.74520817;-23.3902346;0.983963124509;-26.78;2.5770023;-0.0638132;-0.0287513
2458837.5;17.81914221;-23.4133052;0.983890378653;-26.78;2.5780614;-0.0442588;-0.0196369
2458838.5;17.89311559;-23.4285587;0.983822298659;-26.78;2.578935;-0.0246669;-0.0110556
2458839.5;17.96711838;-23.4359815;0.983758583123;-26.78;2.5796109;-0.0050468;-0.0029622
2458840.5;18.04114031;-23.4355639;0.983698966906;-26.78;2.5800785;0.0145917;0.0047212
2458841.5;18.11517083;-23.4273001;0.983643238322;-26.78;2.5803299;0.034238;0.0120988
2458842.5;18.18919918;-23.4111887;0.983591251769;-26.78;2.5803601;0.053881;0.0192918
2458843.5;18.26321453;-23.3872329;0.983542934184;-26.78;2.5801677;0.0735091;0.0264264
2458844.5;18.33720608;-23.3554404;0.983498284582;-26.78;2.5797545;0.0931105;0.0336222
2458845.5;18.41116314;-23.3158237;0.98345736726;-26.78;2.5791247;0.1126732;0.0409826
2458846.5;18.48507523;-23.2684001;0.983420300597;-26.78;2.5782849;0.1321852;0.0485891
2458847.5;18.55893211;-23.2131916;0.983387244036;-26.78;2.5772424;0.1516349;0.0565008
2458848.5;18.63272384;-23.1502248;0.983358385703;-26.78;2.5760052;0.1710107;0.064757
