SOC;Temp;;;;;;;;;;;;;;;;;;;;;;;;;;;;;;;;;;;;;;;;;;;;;;;;;;;;;;;;;;;;;;;;;;;;;;;;;;;;;;;;;;;;;;;;;;;;;;;;;;;;;
0;283,15;0,000226677043152073;0,000231163699641744;0,000235650356131414;0,000240137012621085;0,000244623669110755;0,000249110325600426;0,000253596982090096;0,000258083638579767;0,000262570295069437;0,000267056951559108;0,000271543608048779;0,000278212019951168;0,000284880431853557;0,000291548843755946;0,000298217255658335;0,000304885667560724;0,000311554079463113;0,000318222491365502;0,000324890903267891;0,00033155931517028;0,000338227727072669;0,000344896138975058;0,000351564550877447;0,000358232962779836;0,000364901374682225;0,000371569786584614;0,000378238198487003;0,000384906610389392;0,000391575022291781;0,00039824343419417;0,000404911846096559;0,000411580257998948;0,000418248669901337;0,000424917081803726;0,000431585493706115;0,000438253905608504;0,000444922317510893;0,000451590729413282;0,000458259141315671;0,00046492755321806;0,000471595965120449;0,000478264377022838;0,000484932788925227;0,000491601200827616;0,000498269612730005;0,000504938024632394;0,000511606436534783;0,000518274848437172;0,000524943260339561;0,00053161167224195;0,000538280084144339;0,00054688544381368;0,000555490803483022;0,000564096163152364;0,000572701522821705;0,000581306882491047;0,000589912242160389;0,00059851760182973;0,000607122961499072;0,000615728321168414;0,000624333680837756;0,000632939040507097;0,000641544400176439;0,000650149759845781;0,000658755119515122;0,000667360479184464;0,000675965838853806;0,000684571198523147;0,000693176558192489;0,000701781917861831;0,000710387277531172;0,000718992637200514;0,000727597996869856;0,000736203356539198;0,000744808716208539;0,000753414075877881;0,000762019435547223;0,000770624795216564;0,000779230154885906;0,000787835514555248;0,000796440874224589;0,000805046233893931;0,000813651593563273;0,000822256953232614;0,000830862312901956;0,000839467672571298;0,000848073032240639;0,000856678391909981;0,000865283751579323;0,000873889111248664;0,000882494470918006;0,00092961623352116;0,000976737996124313;0,00102385975872747;0,00107098152133062;0,00111810328393377;0,00116522504653693;0,00121234680914008;0,00125946857174324;0,00130659033434639;0,00135371209694954
0,01;284,15;0,000233667473702924;0,000238292492949407;0,00024291751219589;0,000247542531442373;0,000252167550688856;0,000256792569935339;0,000261417589181821;0,000266042608428304;0,000270667627674787;0,00027529264692127;0,000279917666167753;0,000286791723377844;0,000293665780587936;0,000300539837798027;0,000307413895008119;0,000314287952218211;0,000321162009428302;0,000328036066638394;0,000334910123848485;0,000341784181058577;0,000348658238268669;0,00035553229547876;0,000362406352688852;0,000369280409898943;0,000376154467109035;0,000383028524319126;0,000389902581529218;0,00039677663873931;0,000403650695949401;0,000410524753159493;0,000417398810369584;0,000424272867579676;0,000431146924789768;0,000438020981999859;0,000444895039209951;0,000451769096420042;0,000458643153630134;0,000465517210840226;0,000472391268050317;0,000479265325260409;0,000486139382470501;0,000493013439680592;0,000499887496890684;0,000506761554100775;0,000513635611310867;0,000520509668520959;0,00052738372573105;0,000534257782941142;0,000541131840151233;0,000548005897361325;0,000554879954571416;0,000563750692544168;0,000572621430516919;0,000581492168489671;0,000590362906462422;0,000599233644435174;0,000608104382407925;0,000616975120380676;0,000625845858353428;0,000634716596326179;0,000643587334298931;0,000652458072271682;0,000661328810244433;0,000670199548217185;0,000679070286189936;0,000687941024162688;0,000696811762135439;0,000705682500108191;0,000714553238080942;0,000723423976053693;0,000732294714026445;0,000741165451999196;0,000750036189971948;0,000758906927944699;0,000767777665917451;0,000776648403890202;0,000785519141862953;0,000794389879835705;0,000803260617808456;0,000812131355781208;0,000821002093753959;0,000829872831726711;0,000838743569699462;0,000847614307672213;0,000856485045644965;0,000865355783617716;0,000874226521590467;0,000883097259563219;0,00089196799753597;0,000900838735508722;0,000909709473481473;0,000958284411070195;0,00100685934865892;0,00105543428624764;0,00110400922383636;0,00115258416142508;0,0012011590990138;0,00124973403660252;0,00129830897419125;0,00134688391177997;0,00139545884936869
0,02;285,15;0,000240873480205389;0,000245641129139419;0,000250408778073449;0,000255176427007479;0,000259944075941509;0,000264711724875539;0,000269479373809568;0,000274247022743598;0,000279014671677628;0,000283782320611658;0,000288549969545688;0,000295636013902169;0,00030272205825865;0,00030980810261513;0,000316894146971611;0,000323980191328092;0,000331066235684572;0,000338152280041053;0,000345238324397534;0,000352324368754014;0,000359410413110495;0,000366496457466976;0,000373582501823457;0,000380668546179937;0,000387754590536418;0,000394840634892899;0,000401926679249379;0,00040901272360586;0,000416098767962341;0,000423184812318821;0,000430270856675302;0,000437356901031783;0,000444442945388263;0,000451528989744744;0,000458615034101225;0,000465701078457706;0,000472787122814186;0,000479873167170667;0,000486959211527148;0,000494045255883628;0,000501131300240109;0,00050821734459659;0,00051530338895307;0,000522389433309551;0,000529475477666032;0,000536561522022512;0,000543647566378993;0,000550733610735474;0,000557819655091954;0,000564905699448435;0,000571991743804916;0,000581136044009074;0,000590280344213232;0,00059942464441739;0,000608568944621548;0,000617713244825706;0,000626857545029864;0,000636001845234022;0,00064514614543818;0,000654290445642338;0,000663434745846496;0,000672579046050654;0,000681723346254812;0,000690867646458969;0,000700011946663128;0,000709156246867285;0,000718300547071443;0,000727444847275601;0,000736589147479759;0,000745733447683917;0,000754877747888075;0,000764022048092233;0,000773166348296391;0,000782310648500549;0,000791454948704707;0,000800599248908865;0,000809743549113023;0,000818887849317181;0,000828032149521339;0,000837176449725497;0,000846320749929655;0,000855465050133813;0,000864609350337971;0,000873753650542129;0,000882897950746287;0,000892042250950445;0,000901186551154603;0,000910330851358761;0,000919475151562919;0,000928619451767077;0,000937763751971234;0,000987836678606417;0,0010379096052416;0,00108798253187678;0,00113805545851196;0,00118812838514715;0,00123820131178233;0,00128827423841751;0,00133834716505269;0,00138842009168787;0,00143849301832306
0,03;286,15;0,000248301710746529;0,000253216387885536;0,000258131065024544;0,000263045742163551;0,000267960419302558;0,000272875096441565;0,000277789773580572;0,000282704450719579;0,000287619127858586;0,000292533804997593;0,0002974484821366;0,000304753051052363;0,000312057619968126;0,000319362188883889;0,000326666757799653;0,000333971326715416;0,000341275895631179;0,000348580464546942;0,000355885033462705;0,000363189602378468;0,000370494171294231;0,000377798740209994;0,000385103309125757;0,00039240787804152;0,000399712446957283;0,000407017015873046;0,000414321584788809;0,000421626153704572;0,000428930722620335;0,000436235291536098;0,000443539860451861;0,000450844429367624;0,000458148998283387;0,00046545356719915;0,000472758136114913;0,000480062705030676;0,000487367273946439;0,000494671842862202;0,000501976411777965;0,000509280980693728;0,000516585549609491;0,000523890118525254;0,000531194687441017;0,00053849925635678;0,000545803825272543;0,000553108394188307;0,00056041296310407;0,000567717532019833;0,000575022100935596;0,000582326669851359;0,000589631238767122;0,000599057537512572;0,000608483836258022;0,000617910135003472;0,000627336433748922;0,000636762732494372;0,000646189031239822;0,000655615329985272;0,000665041628730722;0,000674467927476173;0,000683894226221623;0,000693320524967073;0,000702746823712523;0,000712173122457973;0,000721599421203423;0,000731025719948874;0,000740452018694324;0,000749878317439774;0,000759304616185224;0,000768730914930674;0,000778157213676124;0,000787583512421574;0,000797009811167024;0,000806436109912475;0,000815862408657925;0,000825288707403375;0,000834715006148825;0,000844141304894275;0,000853567603639725;0,000862993902385175;0,000872420201130625;0,000881846499876076;0,000891272798621526;0,000900699097366976;0,000910125396112426;0,000919551694857876;0,000928977993603326;0,000938404292348776;0,000947830591094226;0,000957256889839677;0,000966683188585126;0,00101830030033607;0,00106991741208702;0,00112153452383797;0,00117315163558892;0,00122476874733986;0,00127638585909081;0,00132800297084176;0,00137962008259271;0,00143123719434365;0,0014828543060946
0,04;287,15;0,000255959018431925;0,000261025257938;0,000266091497444075;0,000271157736950151;0,000276223976456226;0,000281290215962301;0,000286356455468376;0,000291422694974451;0,000296488934480526;0,000301555173986601;0,000306621413492676;0,00031415124598608;0,000321681078479484;0,000329210910972888;0,000336740743466292;0,000344270575959697;0,000351800408453101;0,000359330240946505;0,000366860073439909;0,000374389905933313;0,000381919738426717;0,000389449570920122;0,000396979403413526;0,00040450923590693;0,000412039068400334;0,000419568900893738;0,000427098733387142;0,000434628565880547;0,000442158398373951;0,000449688230867355;0,000457218063360759;0,000464747895854163;0,000472277728347567;0,000479807560840972;0,000487337393334376;0,00049486722582778;0,000502397058321184;0,000509926890814588;0,000517456723307992;0,000524986555801397;0,000532516388294801;0,000540046220788205;0,000547576053281609;0,000555105885775013;0,000562635718268417;0,000570165550761822;0,000577695383255226;0,00058522521574863;0,000592755048242034;0,000600284880735438;0,000607814713228842;0,000617531706990494;0,000627248700752146;0,000636965694513798;0,00064668268827545;0,000656399682037102;0,000666116675798754;0,000675833669560405;0,000685550663322057;0,000695267657083709;0,000704984650845361;0,000714701644607013;0,000724418638368664;0,000734135632130316;0,000743852625891968;0,00075356961965362;0,000763286613415272;0,000773003607176924;0,000782720600938575;0,000792437594700227;0,000802154588461879;0,000811871582223531;0,000821588575985183;0,000831305569746835;0,000841022563508486;0,000850739557270138;0,00086045655103179;0,000870173544793442;0,000879890538555094;0,000889607532316746;0,000899324526078398;0,000909041519840049;0,000918758513601701;0,000928475507363353;0,000938192501125005;0,000947909494886657;0,000957626488648308;0,00096734348240996;0,000977060476171612;0,000986777469933264;0,000996494463694916;0,00104970338125872;0,00110291229882252;0,00115612121638633;0,00120933013395013;0,00126253905151393;0,00131574796907774;0,00136895688664154;0,00142216580420535;0,00147537472176915;0,00152858363933295
0,05;288,15;0,000263852467708181;0,000269074943571184;0,000274297419434186;0,000279519895297189;0,000284742371160192;0,000289964847023194;0,000295187322886197;0,000300409798749199;0,000305632274612202;0,000310854750475205;0,000316077226338207;0,000323839269250332;0,000331601312162457;0,000339363355074581;0,000347125397986706;0,000354887440898831;0,000362649483810956;0,00037041152672308;0,000378173569635205;0,00038593561254733;0,000393697655459455;0,000401459698371579;0,000409221741283704;0,000416983784195829;0,000424745827107954;0,000432507870020078;0,000440269912932203;0,000448031955844328;0,000455793998756453;0,000463556041668577;0,000471318084580702;0,000479080127492827;0,000486842170404952;0,000494604213317077;0,000502366256229201;0,000510128299141326;0,000517890342053451;0,000525652384965575;0,0005334144278777;0,000541176470789825;0,00054893851370195;0,000556700556614074;0,000564462599526199;0,000572224642438324;0,000579986685350449;0,000587748728262574;0,000595510771174698;0,000603272814086823;0,000611034856998948;0,000618796899911072;0,000626558942823197;0,000636575596264141;0,000646592249705086;0,00065660890314603;0,000666625556586974;0,000676642210027918;0,000686658863468862;0,000696675516909806;0,00070669217035075;0,000716708823791695;0,000726725477232639;0,000736742130673583;0,000746758784114527;0,000756775437555471;0,000766792090996416;0,00077680874443736;0,000786825397878304;0,000796842051319248;0,000806858704760192;0,000816875358201136;0,000826892011642081;0,000836908665083025;0,000846925318523969;0,000856941971964913;0,000866958625405857;0,000876975278846801;0,000886991932287746;0,00089700858572869;0,000907025239169634;0,000917041892610578;0,000927058546051522;0,000937075199492467;0,000947091852933411;0,000957108506374355;0,000967125159815299;0,000977141813256243;0,000987158466697187;0,000997175120138131;0,00100719177357908;0,00101720842702002;0,00102722508046096;0,0010820748930962;0,00113692470573144;0,00119177451836668;0,00124662433100192;0,00130147414363716;0,0013563239562724;0,00141117376890764;0,00146602358154288;0,00152087339417812;0,00157572320681335
0,06;289,15;0,000271989340880412;0,000277372871230081;0,00028275640157975;0,000288139931929418;0,000293523462279087;0,000298906992628755;0,000304290522978424;0,000309674053328093;0,000315057583677761;0,00032044111402743;0,000325824644377098;0,000333826058780731;0,000341827473184364;0,000349828887587997;0,000357830301991629;0,000365831716395262;0,000373833130798895;0,000381834545202528;0,00038983595960616;0,000397837374009793;0,000405838788413426;0,000413840202817059;0,000421841617220691;0,000429843031624324;0,000437844446027957;0,00044584586043159;0,000453847274835222;0,000461848689238855;0,000469850103642488;0,000477851518046121;0,000485852932449754;0,000493854346853386;0,000501855761257019;0,000509857175660652;0,000517858590064285;0,000525860004467917;0,00053386141887155;0,000541862833275183;0,000549864247678816;0,000557865662082448;0,000565867076486081;0,000573868490889714;0,000581869905293347;0,00058987131969698;0,000597872734100612;0,000605874148504245;0,000613875562907878;0,00062187697731151;0,000629878391715143;0,000637879806118776;0,000645881220522409;0,000656206774764498;0,000666532329006587;0,000676857883248676;0,000687183437490766;0,000697508991732855;0,000707834545974944;0,000718160100217033;0,000728485654459122;0,000738811208701212;0,000749136762943301;0,00075946231718539;0,000769787871427479;0,000780113425669569;0,000790438979911658;0,000800764534153747;0,000811090088395836;0,000821415642637926;0,000831741196880015;0,000842066751122104;0,000852392305364193;0,000862717859606282;0,000873043413848372;0,000883368968090461;0,00089369452233255;0,000904020076574639;0,000914345630816729;0,000924671185058818;0,000934996739300907;0,000945322293542996;0,000955647847785086;0,000965973402027175;0,000976298956269264;0,000986624510511353;0,000996950064753442;0,00100727561899553;0,00101760117323762;0,00102792672747971;0,0010382522817218;0,00104857783596389;0,00105890339020598;0,00111544470102128;0,00117198601183658;0,00122852732265188;0,00128506863346719;0,00134160994428249;0,00139815125509779;0,00145469256591309;0,0015112338767284;0,0015677751875437;0,001624316498359
0,07;290,15;0,000280377144830726;0,000285926696381768;0,000291476247932809;0,000297025799483851;0,000302575351034892;0,000308124902585934;0,000313674454136975;0,000319224005688016;0,000324773557239058;0,000330323108790099;0,000335872660341141;0,000344120828147409;0,000352368995953678;0,000360617163759946;0,000368865331566215;0,000377113499372483;0,000385361667178752;0,00039360983498502;0,000401858002791289;0,000410106170597557;0,000418354338403826;0,000426602506210094;0,000434850674016363;0,000443098841822631;0,0004513470096289;0,000459595177435168;0,000467843345241437;0,000476091513047705;0,000484339680853974;0,000492587848660242;0,000500836016466511;0,000509084184272779;0,000517332352079048;0,000525580519885316;0,000533828687691584;0,000542076855497853;0,000550325023304121;0,00055857319111039;0,000566821358916658;0,000575069526722927;0,000583317694529195;0,000591565862335464;0,000599814030141732;0,000608062197948001;0,000616310365754269;0,000624558533560538;0,000632806701366806;0,000641054869173075;0,000649303036979343;0,000657551204785612;0,00066579937259188;0,000676443353741364;0,000687087334890849;0,000697731316040333;0,000708375297189817;0,000719019278339302;0,000729663259488786;0,00074030724063827;0,000750951221787754;0,000761595202937239;0,000772239184086723;0,000782883165236208;0,000793527146385692;0,000804171127535176;0,00081481510868466;0,000825459089834145;0,000836103070983629;0,000846747052133113;0,000857391033282598;0,000868035014432082;0,000878678995581566;0,00088932297673105;0,000899966957880535;0,000910610939030019;0,000921254920179503;0,000931898901328988;0,000942542882478472;0,000953186863627956;0,000963830844777441;0,000974474825926925;0,000985118807076409;0,000995762788225894;0,00100640676937538;0,00101705075052486;0,00102769473167435;0,00103833871282383;0,00104898269397332;0,0010596266751228;0,00107027065627228;0,00108091463742177;0,00109155861857125;0,0011498435912105;0,00120812856384974;0,00126641353648899;0,00132469850912823;0,00138298348176748;0,00144126845440672;0,00149955342704597;0,00155783839968521;0,00161612337232446;0,0016744083449637
0,08;291,15;0,000289023617943887;0,000294744310578148;0,000300465003212408;0,000306185695846668;0,000311906388480929;0,000317627081115189;0,00032334777374945;0,00032906846638371;0,000334789159017971;0,000340509851652231;0,000346230544286492;0,000354733075055236;0,000363235605823981;0,000371738136592726;0,00038024066736147;0,000388743198130215;0,000397245728898959;0,000405748259667704;0,000414250790436449;0,000422753321205193;0,000431255851973938;0,000439758382742682;0,000448260913511427;0,000456763444280172;0,000465265975048916;0,000473768505817661;0,000482271036586405;0,00049077356735515;0,000499276098123895;0,000507778628892639;0,000516281159661384;0,000524783690430128;0,000533286221198873;0,000541788751967618;0,000550291282736362;0,000558793813505107;0,000567296344273851;0,000575798875042596;0,000584301405811341;0,000592803936580085;0,00060130646734883;0,000609808998117574;0,000618311528886319;0,000626814059655064;0,000635316590423808;0,000643819121192553;0,000652321651961297;0,000660824182730042;0,000669326713498787;0,000677829244267531;0,000686331775036276;0,000697304002972357;0,000708276230908439;0,000719248458844521;0,000730220686780602;0,000741192914716684;0,000752165142652765;0,000763137370588847;0,000774109598524928;0,00078508182646101;0,000796054054397092;0,000807026282333173;0,000817998510269255;0,000828970738205336;0,000839942966141418;0,0008509151940775;0,000861887422013581;0,000872859649949663;0,000883831877885744;0,000894804105821826;0,000905776333757907;0,000916748561693989;0,000927720789630071;0,000938693017566152;0,000949665245502234;0,000960637473438315;0,000971609701374397;0,000982581929310479;0,00099355415724656;0,00100452638518264;0,00101549861311872;0,00102647084105481;0,00103744306899089;0,00104841529692697;0,00105938752486305;0,00107035975279913;0,00108133198073521;0,00109230420867129;0,00110327643660738;0,00111424866454346;0,00112522089247954;0,00118530329924677;0,001245385706014;0,00130546811278124;0,00136555051954847;0,0014256329263157;0,00148571533308294;0,00154579773985017;0,0016058801466174;0,00166596255338464;0,00172604496015187
0,09;292,15;0,000297936737246564;0,000303833848736508;0,000309730960226452;0,000315628071716396;0,00032152518320634;0,000327422294696283;0,000333319406186227;0,000339216517676171;0,000345113629166115;0,000351010740656058;0,000356907852146002;0,000365672590106172;0,000374437328066341;0,000383202066026511;0,00039196680398668;0,000400731541946849;0,000409496279907019;0,000418261017867188;0,000427025755827358;0,000435790493787527;0,000444555231747697;0,000453319969707866;0,000462084707668035;0,000470849445628205;0,000479614183588374;0,000488378921548544;0,000497143659508713;0,000505908397468883;0,000514673135429052;0,000523437873389221;0,000532202611349391;0,00054096734930956;0,00054973208726973;0,000558496825229899;0,000567261563190068;0,000576026301150238;0,000584791039110407;0,000593555777070577;0,000602320515030746;0,000611085252990916;0,000619849990951085;0,000628614728911254;0,000637379466871424;0,000646144204831593;0,000654908942791763;0,000663673680751932;0,000672438418712101;0,000681203156672271;0,00068996789463244;0,00069873263259261;0,000707497370552779;0,000718807967987195;0,000730118565421611;0,000741429162856027;0,000752739760290443;0,000764050357724859;0,000775360955159275;0,000786671552593691;0,000797982150028107;0,000809292747462523;0,000820603344896939;0,000831913942331355;0,000843224539765771;0,000854535137200187;0,000865845734634603;0,000877156332069019;0,000888466929503435;0,000899777526937851;0,000911088124372267;0,000922398721806683;0,000933709319241099;0,000945019916675515;0,000956330514109931;0,000967641111544347;0,000978951708978763;0,000990262306413179;0,00100157290384759;0,00101288350128201;0,00102419409871643;0,00103550469615084;0,00104681529358526;0,00105812589101967;0,00106943648845409;0,00108074708588851;0,00109205768332292;0,00110336828075734;0,00111467887819175;0,00112598947562617;0,00113730007306059;0,001148610670495;0,00115992126792942;0,00122185653939788;0,00128379181086633;0,00134572708233479;0,00140766235380325;0,0014695976252717;0,00153153289674016;0,00159346816820862;0,00165540343967708;0,00171733871114553;0,00177927398261399
0,1;293,15;0,000307124725766744;0,000313203696644598;0,000319282667522453;0,000325361638400308;0,000331440609278162;0,000337519580156017;0,000343598551033871;0,000349677521911726;0,000355756492789581;0,000361835463667435;0,00036791443454529;0,000376949465831837;0,000385984497118384;0,000395019528404931;0,000404054559691478;0,000413089590978024;0,000422124622264571;0,000431159653551118;0,000440194684837665;0,000449229716124212;0,000458264747410759;0,000467299778697306;0,000476334809983852;0,000485369841270399;0,000494404872556946;0,000503439903843493;0,00051247493513004;0,000521509966416587;0,000530544997703134;0,00053958002898968;0,000548615060276227;0,000557650091562774;0,000566685122849321;0,000575720154135868;0,000584755185422415;0,000593790216708962;0,000602825247995508;0,000611860279282055;0,000620895310568602;0,000629930341855149;0,000638965373141696;0,000648000404428243;0,00065703543571479;0,000666070467001337;0,000675105498287883;0,00068414052957443;0,000693175560860977;0,000702210592147524;0,000711245623434071;0,000720280654720618;0,000729315686007165;0,000740975087823155;0,000752634489639147;0,000764293891455138;0,000775953293271129;0,00078761269508712;0,000799272096903111;0,000810931498719102;0,000822590900535093;0,000834250302351084;0,000845909704167075;0,000857569105983066;0,000869228507799057;0,000880887909615048;0,000892547311431039;0,00090420671324703;0,000915866115063021;0,000927525516879012;0,000939184918695003;0,000950844320510994;0,000962503722326985;0,000974163124142977;0,000985822525958968;0,000997481927774959;0,00100914132959095;0,00102080073140694;0,00103246013322293;0,00104411953503892;0,00105577893685491;0,00106743833867091;0,0010790977404869;0,00109075714230289;0,00110241654411888;0,00111407594593487;0,00112573534775086;0,00113739474956685;0,00114905415138284;0,00116071355319883;0,00117237295501482;0,00118403235683082;0,00119569175864681;0,00125953703479782;0,00132338231094883;0,00138722758709985;0,00145107286325086;0,00151491813940187;0,00157876341555288;0,0016426086917039;0,00170645396785491;0,00177029924400592;0,00183414452015694
0,11;294,15;0,000316596060120092;0,000322862498697152;0,000329128937274211;0,000335395375851271;0,000341661814428331;0,00034792825300539;0,00035419469158245;0,000360461130159509;0,000366727568736569;0,000372994007313628;0,000379260445890688;0,000388574106004641;0,000397887766118594;0,000407201426232547;0,0004165150863465;0,000425828746460453;0,000435142406574407;0,00044445606668836;0,000453769726802313;0,000463083386916266;0,000472397047030219;0,000481710707144172;0,000491024367258125;0,000500338027372078;0,000509651687486031;0,000518965347599984;0,000528279007713937;0,000537592667827891;0,000546906327941844;0,000556219988055797;0,00056553364816975;0,000574847308283703;0,000584160968397656;0,000593474628511609;0,000602788288625562;0,000612101948739515;0,000621415608853469;0,000630729268967422;0,000640042929081375;0,000649356589195328;0,000658670249309281;0,000667983909423234;0,000677297569537187;0,00068661122965114;0,000695924889765093;0,000705238549879046;0,000714552209993;0,000723865870106953;0,000733179530220906;0,000742493190334859;0,000751806850448812;0,000763825813328093;0,000775844776207374;0,000787863739086655;0,000799882701965936;0,000811901664845217;0,000823920627724497;0,000835939590603778;0,000847958553483059;0,00085997751636234;0,000871996479241621;0,000884015442120902;0,000896034405000183;0,000908053367879464;0,000920072330758745;0,000932091293638026;0,000944110256517306;0,000956129219396587;0,000968148182275868;0,000980167145155149;0,00099218610803443;0,00100420507091371;0,00101622403379299;0,00102824299667227;0,00104026195955155;0,00105228092243083;0,00106429988531012;0,0010763188481894;0,00108833781106868;0,00110035677394796;0,00111237573682724;0,00112439469970652;0,0011364136625858;0,00114843262546508;0,00116045158834436;0,00117247055122364;0,00118448951410292;0,00119650847698221;0,00120852743986149;0,00122054640274077;0,00123256536562005;0,00129837954855901;0,00136419373149797;0,00143000791443692;0,00149582209737588;0,00156163628031484;0,0016274504632538;0,00169326464619276;0,00175907882913172;0,00182489301207068;0,00189070719500964
0,12;295,15;0,000326359478330281;0,000332819165870998;0,000339278853411716;0,000345738540952433;0,00035219822849315;0,000358657916033867;0,000365117603574584;0,000371577291115301;0,000378036978656019;0,000384496666196736;0,000390956353737453;0,000400557235236049;0,000410158116734644;0,00041975899823324;0,000429359879731836;0,000438960761230431;0,000448561642729027;0,000458162524227623;0,000467763405726218;0,000477364287224814;0,00048696516872341;0,000496566050222006;0,000506166931720601;0,000515767813219197;0,000525368694717793;0,000534969576216388;0,000544570457714984;0,00055417133921358;0,000563772220712175;0,000573373102210771;0,000582973983709367;0,000592574865207962;0,000602175746706558;0,000611776628205154;0,000621377509703749;0,000630978391202345;0,000640579272700941;0,000650180154199536;0,000659781035698132;0,000669381917196728;0,000678982798695324;0,000688583680193919;0,000698184561692515;0,000707785443191111;0,000717386324689706;0,000726987206188302;0,000736588087686898;0,000746188969185493;0,000755789850684089;0,000765390732182685;0,00077499161368128;0,000787381226027894;0,000799770838374508;0,000812160450721121;0,000824550063067735;0,000836939675414349;0,000849329287760962;0,000861718900107576;0,000874108512454189;0,000886498124800803;0,000898887737147417;0,00091127734949403;0,000923666961840644;0,000936056574187258;0,000948446186533871;0,000960835798880485;0,000973225411227099;0,000985615023573712;0,000998004635920326;0,00101039424826694;0,00102278386061355;0,00103517347296017;0,00104756308530678;0,00105995269765339;0,00107234231000001;0,00108473192234662;0,00109712153469323;0,00110951114703985;0,00112190075938646;0,00113429037173308;0,00114667998407969;0,0011590695964263;0,00117145920877292;0,00118384882111953;0,00119623843346614;0,00120862804581276;0,00122101765815937;0,00123340727050598;0,0012457968828526;0,00125818649519921;0,00127057610754583;0,00133841991584383;0,00140626372414184;0,00147410753243985;0,00154195134073786;0,00160979514903587;0,00167763895733388;0,00174548276563188;0,00181332657392989;0,0018811703822279;0,00194901419052591
0,13;296,15;0,000336423987890473;0,000343082883946113;0,000349741780001754;0,000356400676057395;0,000363059572113035;0,000369718468168676;0,000376377364224317;0,000383036260279958;0,000389695156335598;0,000396354052391239;0,00040301294844688;0,000412909908870847;0,000422806869294814;0,000432703829718782;0,000442600790142749;0,000452497750566716;0,000462394710990684;0,000472291671414651;0,000482188631838618;0,000492085592262586;0,000501982552686553;0,00051187951311052;0,000521776473534488;0,000531673433958455;0,000541570394382423;0,00055146735480639;0,000561364315230357;0,000571261275654324;0,000581158236078292;0,000591055196502259;0,000600952156926226;0,000610849117350194;0,000620746077774161;0,000630643038198128;0,000640539998622096;0,000650436959046063;0,00066033391947003;0,000670230879893998;0,000680127840317965;0,000690024800741932;0,0006999217611659;0,000709818721589867;0,000719715682013834;0,000729612642437802;0,000739509602861769;0,000749406563285736;0,000759303523709704;0,000769200484133671;0,000779097444557638;0,000788994404981606;0,000798891365405573;0,000811663057575783;0,000824434749745994;0,000837206441916204;0,000849978134086414;0,000862749826256625;0,000875521518426835;0,000888293210597046;0,000901064902767256;0,000913836594937466;0,000926608287107677;0,000939379979277887;0,000952151671448097;0,000964923363618308;0,000977695055788518;0,000990466747958729;0,00100323844012894;0,00101601013229915;0,00102878182446936;0,00104155351663957;0,00105432520880978;0,00106709690097999;0,0010798685931502;0,00109264028532041;0,00110541197749062;0,00111818366966083;0,00113095536183104;0,00114372705400125;0,00115649874617146;0,00116927043834167;0,00118204213051188;0,00119481382268209;0,00120758551485231;0,00122035720702252;0,00123312889919273;0,00124590059136294;0,00125867228353315;0,00127144397570336;0,00128421566787357;0,00129698736004378;0,00130975905221399;0,00137969507692535;0,00144963110163671;0,00151956712634806;0,00158950315105942;0,00165943917577078;0,00172937520048214;0,0017993112251935;0,00186924724990486;0,00193918327461622;0,00200911929932758
0,14;297,15;0,000346798874073416;0,000353663121980197;0,000360527369886978;0,000367391617793759;0,00037425586570054;0,000381120113607321;0,000387984361514102;0,000394848609420883;0,000401712857327664;0,000408577105234445;0,000415441353141226;0,00042564352318654;0,000435845693231853;0,000446047863277166;0,00045625003332248;0,000466452203367793;0,000476654373413106;0,000486856543458419;0,000497058713503733;0,000507260883549046;0,000517463053594359;0,000527665223639673;0,000537867393684986;0,000548069563730299;0,000558271733775613;0,000568473903820926;0,000578676073866239;0,000588878243911552;0,000599080413956866;0,000609282584002179;0,000619484754047492;0,000629686924092806;0,000639889094138119;0,000650091264183432;0,000660293434228746;0,000670495604274059;0,000680697774319372;0,000690899944364685;0,000701102114409999;0,000711304284455312;0,000721506454500626;0,000731708624545939;0,000741910794591252;0,000752112964636565;0,000762315134681879;0,000772517304727192;0,000782719474772505;0,000792921644817819;0,000803123814863132;0,000813325984908445;0,000823528154953759;0,00083669370980142;0,000849859264649083;0,000863024819496745;0,000876190374344407;0,000889355929192069;0,000902521484039731;0,000915687038887393;0,000928852593735055;0,000942018148582717;0,000955183703430379;0,000968349258278041;0,000981514813125703;0,000994680367973365;0,00100784592282103;0,00102101147766869;0,00103417703251635;0,00104734258736401;0,00106050814221168;0,00107367369705934;0,001086839251907;0,00110000480675466;0,00111317036160232;0,00112633591644999;0,00113950147129765;0,00115266702614531;0,00116583258099297;0,00117899813584063;0,0011921636906883;0,00120532924553596;0,00121849480038362;0,00123166035523128;0,00124482591007895;0,00125799146492661;0,00127115701977427;0,00128432257462193;0,00129748812946959;0,00131065368431726;0,00132381923916492;0,00133698479401258;0,00135015034886024;0,00142224311126744;0,00149433587367464;0,00156642863608183;0,00163852139848903;0,00171061416089623;0,00178270692330343;0,00185479968571063;0,00192689244811782;0,00199898521052502;0,00207107797293222
0,15;298,15;0,000357493708497814;0,000364569641044597;0,000371645573591379;0,000378721506138161;0,000385797438684943;0,000392873371231726;0,000399949303778508;0,00040702523632529;0,000414101168872072;0,000421177101418855;0,000428253033965637;0,000438769825907275;0,000449286617848913;0,00045980340979055;0,000470320201732188;0,000480836993673826;0,000491353785615464;0,000501870577557102;0,000512387369498739;0,000522904161440377;0,000533420953382015;0,000543937745323653;0,000554454537265291;0,000564971329206929;0,000575488121148567;0,000586004913090204;0,000596521705031842;0,00060703849697348;0,000617555288915118;0,000628072080856756;0,000638588872798393;0,000649105664740031;0,000659622456681669;0,000670139248623307;0,000680656040564945;0,000691172832506583;0,00070168962444822;0,000712206416389858;0,000722723208331496;0,000733240000273134;0,000743756792214772;0,00075427358415641;0,000764790376098047;0,000775307168039685;0,000785823959981323;0,000796340751922961;0,000806857543864599;0,000817374335806237;0,000827891127747874;0,000838407919689512;0,00084892471163115;0,000862496275378285;0,000876067839125421;0,000889639402872556;0,000903210966619691;0,000916782530366826;0,000930354094113962;0,000943925657861097;0,000957497221608232;0,000971068785355367;0,000984640349102503;0,000998211912849638;0,00101178347659677;0,00102535504034391;0,00103892660409104;0,00105249816783818;0,00106606973158531;0,00107964129533245;0,00109321285907958;0,00110678442282672;0,00112035598657386;0,00113392755032099;0,00114749911406813;0,00116107067781526;0,0011746422415624;0,00118821380530953;0,00120178536905667;0,0012153569328038;0,00122892849655094;0,00124250006029807;0,00125607162404521;0,00126964318779234;0,00128321475153948;0,00129678631528661;0,00131035787903375;0,00132392944278088;0,00133750100652802;0,00135107257027515;0,00136464413402229;0,00137821569776942;0,00139178726151656;0,00146610327265605;0,00154041928379553;0,00161473529493502;0,0016890513060745;0,00176336731721399;0,00183768332835347;0,00191199933949296;0,00198631535063244;0,00206063136177193;0,00213494737291141
0,16;299,15;0,000368518357958871;0,000375812503229637;0,000383106648500403;0,000390400793771169;0,000397694939041935;0,000404989084312701;0,000412283229583467;0,000419577374854233;0,000426871520124999;0,000434165665395764;0,00044145981066653;0,000452300927042013;0,000463142043417495;0,000473983159792977;0,000484824276168459;0,000495665392543941;0,000506506508919423;0,000517347625294905;0,000528188741670387;0,000539029858045869;0,000549870974421351;0,000560712090796833;0,000571553207172315;0,000582394323547797;0,000593235439923279;0,000604076556298761;0,000614917672674243;0,000625758789049725;0,000636599905425207;0,000647441021800689;0,000658282138176171;0,000669123254551653;0,000679964370927135;0,000690805487302617;0,000701646603678099;0,000712487720053581;0,000723328836429063;0,000734169952804545;0,000745011069180027;0,000755852185555509;0,000766693301930991;0,000777534418306473;0,000788375534681955;0,000799216651057438;0,00081005776743292;0,000820898883808402;0,000831740000183884;0,000842581116559366;0,000853422232934848;0,00086426334931033;0,000875104465685812;0,000889094559128418;0,000903084652571025;0,000917074746013632;0,000931064839456238;0,000945054932898845;0,000959045026341452;0,000973035119784058;0,000987025213226665;0,00100101530666927;0,00101500540011188;0,00102899549355449;0,00104298558699709;0,0010569756804397;0,00107096577388231;0,00108495586732491;0,00109894596076752;0,00111293605421013;0,00112692614765273;0,00114091624109534;0,00115490633453795;0,00116889642798055;0,00118288652142316;0,00119687661486577;0,00121086670830837;0,00122485680175098;0,00123884689519359;0,00125283698863619;0,0012668270820788;0,00128081717552141;0,00129480726896401;0,00130879736240662;0,00132278745584923;0,00133677754929183;0,00135076764273444;0,00136475773617705;0,00137874782961965;0,00139273792306226;0,00140672801650487;0,00142071810994747;0,00143470820339008;0,00151131602541373;0,00158792384743739;0,00166453166946104;0,00174113949148469;0,00181774731350834;0,001894355135532;0,00197096295755565;0,0020475707795793;0,00212417860160296;0,00220078642362661
0,17;300,15;0,000379882993531151;0,000387402080927657;0,000394921168324163;0,000402440255720669;0,000409959343117175;0,000417478430513681;0,000424997517910187;0,000432516605306693;0,0004400356927032;0,000447554780099706;0,000455073867496212;0,000466249310056925;0,000477424752617638;0,000488600195178351;0,000499775637739064;0,000510951080299778;0,000522126522860491;0,000533301965421204;0,000544477407981917;0,00055565285054263;0,000566828293103344;0,000578003735664057;0,00058917917822477;0,000600354620785483;0,000611530063346196;0,000622705505906909;0,000633880948467622;0,000645056391028336;0,000656231833589049;0,000667407276149762;0,000678582718710475;0,000689758161271188;0,000700933603831901;0,000712109046392615;0,000723284488953328;0,000734459931514041;0,000745635374074754;0,000756810816635467;0,00076798625919618;0,000779161701756894;0,000790337144317607;0,00080151258687832;0,000812688029439033;0,000823863471999746;0,000835038914560459;0,000846214357121173;0,000857389799681886;0,000868565242242599;0,000879740684803312;0,000890916127364025;0,000902091569924738;0,000916513099984175;0,000930934630043611;0,000945356160103047;0,000959777690162483;0,00097419922022192;0,000988620750281356;0,00100304228034079;0,00101746381040023;0,00103188534045966;0,0010463068705191;0,00106072840057854;0,00107514993063797;0,00108957146069741;0,00110399299075685;0,00111841452081628;0,00113283605087572;0,00114725758093516;0,00116167911099459;0,00117610064105403;0,00119052217111346;0,0012049437011729;0,00121936523123234;0,00123378676129177;0,00124820829135121;0,00126262982141065;0,00127705135147008;0,00129147288152952;0,00130589441158895;0,00132031594164839;0,00133473747170783;0,00134915900176726;0,0013635805318267;0,00137800206188614;0,00139242359194557;0,00140684512200501;0,00142126665206444;0,00143568818212388;0,00145010971218332;0,00146453124224275;0,00147895277230219;0,0015579230817311;0,00163689339116002;0,00171586370058893;0,00179483401001784;0,00187380431944675;0,00195277462887567;0,00203174493830458;0,00211071524773349;0,00218968555716241;0,00226865586659132
0,18;301,15;0,000391598099952173;0,000399349066402332;0,000407100032852492;0,000414850999302651;0,000422601965752811;0,00043035293220297;0,00043810389865313;0,000445854865103289;0,000453605831553449;0,000461356798003608;0,000469107764453768;0,00048062784339234;0,000492147922330912;0,000503668001269484;0,000515188080208056;0,000526708159146628;0,0005382282380852;0,000549748317023772;0,000561268395962344;0,000572788474900916;0,000584308553839488;0,00059582863277806;0,000607348711716632;0,000618868790655205;0,000630388869593777;0,000641908948532349;0,000653429027470921;0,000664949106409493;0,000676469185348065;0,000687989264286637;0,000699509343225209;0,000711029422163781;0,000722549501102353;0,000734069580040925;0,000745589658979497;0,000757109737918069;0,000768629816856641;0,000780149895795213;0,000791669974733786;0,000803190053672358;0,00081471013261093;0,000826230211549502;0,000837750290488074;0,000849270369426646;0,000860790448365218;0,00087231052730379;0,000883830606242362;0,000895350685180934;0,000906870764119506;0,000918390843058078;0,00092991092199665;0,000944777193627247;0,000959643465257844;0,000974509736888441;0,000989376008519038;0,00100424228014964;0,00101910855178023;0,00103397482341083;0,00104884109504143;0,00106370736667202;0,00107857363830262;0,00109343990993322;0,00110830618156381;0,00112317245319441;0,00113803872482501;0,0011529049964556;0,0011677712680862;0,0011826375397168;0,0011975038113474;0,00121237008297799;0,00122723635460859;0,00124210262623919;0,00125696889786978;0,00127183516950038;0,00128670144113098;0,00130156771276157;0,00131643398439217;0,00133130025602277;0,00134616652765336;0,00136103279928396;0,00137589907091456;0,00139076534254516;0,00140563161417575;0,00142049788580635;0,00143536415743695;0,00145023042906754;0,00146509670069814;0,00147996297232874;0,00149482924395933;0,00150969551558993;0,00152456178722053;0,00160596744014945;0,00168737309307838;0,0017687787460073;0,00185018439893622;0,00193159005186515;0,00201299570479407;0,00209440135772299;0,00217580701065192;0,00225721266358084;0,00233861831650977
0,19;302,15;0,00040367448529537;0,000411664481653095;0,00041965447801082;0,000427644474368545;0,00043563447072627;0,000443624467083994;0,000451614463441719;0,000459604459799444;0,000467594456157169;0,000475584452514894;0,000483574448872619;0,000495449792334852;0,000507325135797086;0,000519200479259319;0,000531075822721553;0,000542951166183786;0,00055482650964602;0,000566701853108253;0,000578577196570487;0,000590452540032721;0,000602327883494954;0,000614203226957188;0,000626078570419421;0,000637953913881655;0,000649829257343888;0,000661704600806122;0,000673579944268355;0,000685455287730589;0,000697330631192823;0,000709205974655056;0,00072108131811729;0,000732956661579523;0,000744832005041757;0,00075670734850399;0,000768582691966224;0,000780458035428457;0,000792333378890691;0,000804208722352924;0,000816084065815158;0,000827959409277392;0,000839834752739625;0,000851710096201859;0,000863585439664092;0,000875460783126326;0,000887336126588559;0,000899211470050793;0,000911086813513026;0,00092296215697526;0,000934837500437493;0,000946712843899727;0,000958588187361961;0,000973912915825851;0,000989237644289741;0,00100456237275363;0,00101988710121752;0,00103521182968141;0,0010505365581453;0,00106586128660919;0,00108118601507308;0,00109651074353697;0,00111183547200086;0,00112716020046475;0,00114248492892864;0,00115780965739253;0,00117313438585642;0,00118845911432031;0,0012037838427842;0,00121910857124809;0,00123443329971198;0,00124975802817587;0,00126508275663976;0,00128040748510365;0,00129573221356755;0,00131105694203144;0,00132638167049533;0,00134170639895922;0,00135703112742311;0,001372355855887;0,00138768058435089;0,00140300531281478;0,00141833004127867;0,00143365476974256;0,00144897949820645;0,00146430422667034;0,00147962895513423;0,00149495368359812;0,00151027841206201;0,0015256031405259;0,00154092786898979;0,00155625259745368;0,00157157732591757;0,00165549342523018;0,00173940952454279;0,00182332562385541;0,00190724172316802;0,00199115782248063;0,00207507392179324;0,00215899002110586;0,00224290612041847;0,00232682221973108;0,00241073831904369
0,2;303,15;0,000416123290941361;0,000424359688583766;0,000432596086226171;0,000440832483868577;0,000449068881510982;0,000457305279153387;0,000465541676795792;0,000473778074438198;0,000482014472080603;0,000490250869723008;0,000498487267365414;0,000510728831255556;0,000522970395145698;0,000535211959035841;0,000547453522925983;0,000559695086816125;0,000571936650706268;0,00058417821459641;0,000596419778486552;0,000608661342376695;0,000620902906266837;0,000633144470156979;0,000645386034047122;0,000657627597937264;0,000669869161827406;0,000682110725717549;0,000694352289607691;0,000706593853497833;0,000718835417387976;0,000731076981278118;0,00074331854516826;0,000755560109058403;0,000767801672948545;0,000780043236838687;0,00079228480072883;0,000804526364618972;0,000816767928509114;0,000829009492399257;0,000841251056289399;0,000853492620179542;0,000865734184069684;0,000877975747959826;0,000890217311849968;0,000902458875740111;0,000914700439630253;0,000926942003520396;0,000939183567410538;0,00095142513130068;0,000963666695190823;0,000975908259080965;0,000988149822971107;0,00100394714649159;0,00101974447001208;0,00103554179353257;0,00105133911705305;0,00106713644057354;0,00108293376409403;0,00109873108761451;0,001114528411135;0,00113032573465548;0,00114612305817597;0,00116192038169646;0,00117771770521694;0,00119351502873743;0,00120931235225792;0,0012251096757784;0,00124090699929889;0,00125670432281937;0,00127250164633986;0,00128829896986035;0,00130409629338083;0,00131989361690132;0,00133569094042181;0,00135148826394229;0,00136728558746278;0,00138308291098326;0,00139888023450375;0,00141467755802424;0,00143047488154472;0,00144627220506521;0,0014620695285857;0,00147786685210618;0,00149366417562667;0,00150946149914715;0,00152525882266764;0,00154105614618813;0,00155685346970861;0,0015726507932291;0,00158844811674959;0,00160424544027007;0,00162004276379056;0,00170654672844757;0,00179305069310457;0,00187955465776158;0,00196605862241859;0,00205256258707559;0,0021390665517326;0,00222557051638961;0,00231207448104662;0,00239857844570363;0,00248508241036063
0,21;304,15;0,000428956001856713;0,000437446399484771;0,000445936797112829;0,000454427194740887;0,000462917592368945;0,000471407989997003;0,000479898387625061;0,000488388785253119;0,000496879182881177;0,000505369580509235;0,000513859978137293;0,000526479056225688;0,000539098134314083;0,000551717212402478;0,000564336290490873;0,000576955368579268;0,000589574446667663;0,000602193524756058;0,000614812602844454;0,000627431680932849;0,000640050759021244;0,000652669837109639;0,000665288915198034;0,000677907993286429;0,000690527071374824;0,000703146149463219;0,000715765227551614;0,000728384305640009;0,000741003383728404;0,000753622461816799;0,000766241539905194;0,000778860617993589;0,000791479696081984;0,000804098774170379;0,000816717852258774;0,00082933693034717;0,000841956008435565;0,00085457508652396;0,000867194164612355;0,00087981324270075;0,000892432320789145;0,00090505139887754;0,000917670476965935;0,00093028955505433;0,000942908633142725;0,00095552771123112;0,000968146789319515;0,00098076586740791;0,000993384945496305;0,0010060040235847;0,0010186231016731;0,00103490759447823;0,00105119208728337;0,00106747658008851;0,00108376107289365;0,00110004556569878;0,00111633005850392;0,00113261455130906;0,0011488990441142;0,00116518353691933;0,00118146802972447;0,00119775252252961;0,00121403701533475;0,00123032150813989;0,00124660600094502;0,00126289049375016;0,0012791749865553;0,00129545947936044;0,00131174397216557;0,00132802846497071;0,00134431295777585;0,00136059745058099;0,00137688194338612;0,00139316643619126;0,0014094509289964;0,00142573542180154;0,00144201991460668;0,00145830440741181;0,00147458890021695;0,00149087339302209;0,00150715788582723;0,00152344237863236;0,0015397268714375;0,00155601136424264;0,00157229585704778;0,00158858034985291;0,00160486484265805;0,00162114933546319;0,00163743382826833;0,00165371832107347;0,0016700028138786;0,0017591744503426;0,00184834608680659;0,00193751772327059;0,00202668935973458;0,00211586099619858;0,00220503263266257;0,00229420426912657;0,00238337590559057;0,00247254754205456;0,00256171917851856
0,22;305,15;0,000442184457189698;0,000450936687838616;0,000459688918487533;0,000468441149136451;0,000477193379785369;0,000485945610434286;0,000494697841083204;0,000503450071732122;0,00051220230238104;0,000520954533029957;0,000529706763678875;0,000542714998021322;0,00055572323236377;0,000568731466706217;0,000581739701048664;0,000594747935391111;0,000607756169733559;0,000620764404076006;0,000633772638418453;0,000646780872760901;0,000659789107103348;0,000672797341445795;0,000685805575788242;0,00069881381013069;0,000711822044473137;0,000724830278815584;0,000737838513158032;0,000750846747500479;0,000763854981842926;0,000776863216185373;0,000789871450527821;0,000802879684870268;0,000815887919212715;0,000828896153555163;0,00084190438789761;0,000854912622240057;0,000867920856582505;0,000880929090924952;0,000893937325267399;0,000906945559609847;0,000919953793952294;0,000932962028294741;0,000945970262637188;0,000958978496979636;0,000971986731322083;0,00098499496566453;0,000998003200006978;0,00101101143434942;0,00102401966869187;0,00103702790303432;0,00105003613737677;0,00106682282314519;0,00108360950891362;0,00110039619468205;0,00111718288045047;0,0011339695662189;0,00115075625198733;0,00116754293775575;0,00118432962352418;0,00120111630929261;0,00121790299506103;0,00123468968082946;0,00125147636659789;0,00126826305236632;0,00128504973813474;0,00130183642390317;0,0013186231096716;0,00133540979544002;0,00135219648120845;0,00136898316697688;0,0013857698527453;0,00140255653851373;0,00141934322428216;0,00143612991005058;0,00145291659581901;0,00146970328158744;0,00148648996735586;0,00150327665312429;0,00152006333889272;0,00153685002466114;0,00155363671042957;0,001570423396198;0,00158721008196642;0,00160399676773485;0,00162078345350328;0,00163757013927171;0,00165435682504013;0,00167114351080856;0,00168793019657699;0,00170471688234541;0,00172150356811384;0,00181342514397681;0,00190534671983978;0,00199726829570275;0,00208918987156572;0,0021811114474287;0,00227303302329167;0,00236495459915464;0,00245687617501761;0,00254879775088058;0,00264071932674355
0,23;306,15;0,000455820861192801;0,000464842999458589;0,000473865137724377;0,000482887275990164;0,000491909414255952;0,000500931552521739;0,000509953690787527;0,000518975829053315;0,000527997967319102;0,00053702010558489;0,000546042243850677;0,000559451635529111;0,000572861027207544;0,000586270418885977;0,000599679810564411;0,000613089202242844;0,000626498593921278;0,000639907985599711;0,000653317377278144;0,000666726768956578;0,000680136160635011;0,000693545552313444;0,000706954943991878;0,000720364335670311;0,000733773727348744;0,000747183119027178;0,000760592510705611;0,000774001902384044;0,000787411294062478;0,000800820685740911;0,000814230077419344;0,000827639469097778;0,000841048860776211;0,000854458252454644;0,000867867644133078;0,000881277035811511;0,000894686427489944;0,000908095819168378;0,000921505210846811;0,000934914602525244;0,000948323994203678;0,000961733385882111;0,000975142777560544;0,000988552169238978;0,00100196156091741;0,00101537095259584;0,00102878034427428;0,00104218973595271;0,00105559912763114;0,00106900851930958;0,00108241791098801;0,00109972227670943;0,00111702664243085;0,00113433100815227;0,00115163537387368;0,0011689397395951;0,00118624410531652;0,00120354847103794;0,00122085283675936;0,00123815720248077;0,00125546156820219;0,00127276593392361;0,00129007029964503;0,00130737466536645;0,00132467903108786;0,00134198339680928;0,0013592877625307;0,00137659212825212;0,00139389649397354;0,00141120085969495;0,00142850522541637;0,00144580959113779;0,00146311395685921;0,00148041832258063;0,00149772268830204;0,00151502705402346;0,00153233141974488;0,0015496357854663;0,00156694015118772;0,00158424451690913;0,00160154888263055;0,00161885324835197;0,00163615761407339;0,00165346197979481;0,00167076634551622;0,00168807071123764;0,00170537507695906;0,00172267944268048;0,0017399838084019;0,00175728817412331;0,00177459253984473;0,00186934885972615;0,00196410517960757;0,00205886149948899;0,00215361781937041;0,00224837413925183;0,00234313045913325;0,00243788677901467;0,00253264309889609;0,00262739941877751;0,00272215573865893
0,24;307,15;0,000469877794482071;0,000479178163970969;0,000488478533459866;0,000497778902948764;0,000507079272437662;0,000516379641926559;0,000525680011415457;0,000534980380904355;0,000544280750393252;0,00055358111988215;0,000562881489371047;0,000576704409565442;0,000590527329759838;0,000604350249954232;0,000618173170148628;0,000631996090343022;0,000645819010537418;0,000659641930731813;0,000673464850926207;0,000687287771120603;0,000701110691314997;0,000714933611509392;0,000728756531703787;0,000742579451898182;0,000756402372092577;0,000770225292286972;0,000784048212481367;0,000797871132675762;0,000811694052870158;0,000825516973064552;0,000839339893258947;0,000853162813453342;0,000866985733647738;0,000880808653842132;0,000894631574036527;0,000908454494230922;0,000922277414425317;0,000936100334619712;0,000949923254814107;0,000963746175008502;0,000977569095202898;0,000991392015397292;0,00100521493559169;0,00101903785578608;0,00103286077598048;0,00104668369617487;0,00106050661636927;0,00107432953656366;0,00108815245675806;0,00110197537695245;0,00111579829714685;0,00113363630740994;0,00115147431767304;0,00116931232793614;0,00118715033819924;0,00120498834846233;0,00122282635872543;0,00124066436898853;0,00125850237925163;0,00127634038951472;0,00129417839977782;0,00131201641004092;0,00132985442030402;0,00134769243056711;0,00136553044083021;0,00138336845109331;0,0014012064613564;0,0014190444716195;0,0014368824818826;0,0014547204921457;0,00147255850240879;0,00149039651267189;0,00150823452293499;0,00152607253319809;0,00154391054346118;0,00156174855372428;0,00157958656398738;0,00159742457425048;0,00161526258451357;0,00163310059477667;0,00165093860503977;0,00166877661530287;0,00168661462556596;0,00170445263582906;0,00172229064609216;0,00174012865635525;0,00175796666661835;0,00177580467688145;0,00179364268714455;0,00181148069740764;0,00182931870767074;0,00192699719145625;0,00202467567524177;0,00212235415902728;0,00222003264281279;0,0023177111265983;0,00241538961038381;0,00251306809416933;0,00261074657795484;0,00270842506174035;0,00280610354552586
0,25;308,15;0,000484368225643689;0,000493955406651324;0,000503542587658959;0,000513129768666595;0,00052271694967423;0,000532304130681865;0,0005418913116895;0,000551478492697136;0,000561065673704771;0,000570652854712406;0,000580240035720042;0,000594489237121767;0,000608738438523492;0,000622987639925217;0,000637236841326942;0,000651486042728667;0,000665735244130392;0,000679984445532117;0,000694233646933842;0,000708482848335567;0,000722732049737292;0,000736981251139018;0,000751230452540743;0,000765479653942468;0,000779728855344193;0,000793978056745918;0,000808227258147643;0,000822476459549368;0,000836725660951093;0,000850974862352818;0,000865224063754543;0,000879473265156268;0,000893722466557994;0,000907971667959719;0,000922220869361444;0,000936470070763169;0,000950719272164894;0,000964968473566619;0,000979217674968344;0,000993466876370069;0,00100771607777179;0,00102196527917352;0,00103621448057524;0,00105046368197697;0,00106471288337869;0,00107896208478042;0,00109321128618214;0,00110746048758387;0,0011217096889856;0,00113595889038732;0,00115020809178905;0,00116859620351004;0,00118698431523103;0,00120537242695203;0,00122376053867302;0,00124214865039401;0,00126053676211501;0,001278924873836;0,00129731298555699;0,00131570109727799;0,00133408920899898;0,00135247732071997;0,00137086543244097;0,00138925354416196;0,00140764165588296;0,00142602976760395;0,00144441787932494;0,00146280599104594;0,00148119410276693;0,00149958221448792;0,00151797032620892;0,00153635843792991;0,0015547465496509;0,0015731346613719;0,00159152277309289;0,00160991088481388;0,00162829899653488;0,00164668710825587;0,00166507521997686;0,00168346333169786;0,00170185144341885;0,00172023955513985;0,00173862766686084;0,00175701577858183;0,00177540389030283;0,00179379200202382;0,00181218011374481;0,00183056822546581;0,0018489563371868;0,00186734444890779;0,00188573256062879;0,00198642332412168;0,00208711408761456;0,00218780485110745;0,00228849561460034;0,00238918637809323;0,00248987714158612;0,00259056790507901;0,0026912586685719;0,00279194943206479;0,00289264019555768
0,26;309,15;0,000499305523198474;0,000509188360625835;0,000519071198053196;0,000528954035480556;0,000538836872907917;0,000548719710335278;0,000558602547762639;0,00056848538519;0,000578368222617361;0,000588251060044721;0,000598133897472082;0,000612822526049223;0,000627511154626363;0,000642199783203504;0,000656888411780645;0,000671577040357785;0,000686265668934926;0,000700954297512066;0,000715642926089207;0,000730331554666348;0,000745020183243488;0,000759708811820629;0,000774397440397769;0,00078908606897491;0,000803774697552051;0,000818463326129191;0,000833151954706332;0,000847840583283472;0,000862529211860613;0,000877217840437754;0,000891906469014894;0,000906595097592035;0,000921283726169176;0,000935972354746316;0,000950660983323457;0,000965349611900597;0,000980038240477738;0,000994726869054878;0,00100941549763202;0,00102410412620916;0,0010387927547863;0,00105348138336344;0,00106817001194058;0,00108285864051772;0,00109754726909486;0,001112235897672;0,00112692452624914;0,00114161315482628;0,00115630178340343;0,00117099041198057;0,00118567904055771;0,00120463421816309;0,00122358939576848;0,00124254457337387;0,00126149975097926;0,00128045492858465;0,00129941010619003;0,00131836528379542;0,00133732046140081;0,0013562756390062;0,00137523081661158;0,00139418599421697;0,00141314117182236;0,00143209634942775;0,00145105152703314;0,00147000670463852;0,00148896188224391;0,0015079170598493;0,00152687223745469;0,00154582741506007;0,00156478259266546;0,00158373777027085;0,00160269294787624;0,00162164812548163;0,00164060330308701;0,0016595584806924;0,00167851365829779;0,00169746883590318;0,00171642401350857;0,00173537919111395;0,00175433436871934;0,00177328954632473;0,00179224472393012;0,0018111999015355;0,00183015507914089;0,00184911025674628;0,00186806543435167;0,00188702061195706;0,00190597578956244;0,00192493096716783;0,00194388614477322;0,00204768208283307;0,00215147802089291;0,00225527395895276;0,00235906989701261;0,00246286583507246;0,0025666617731323;0,00267045771119215;0,002774253649252;0,00287804958731185;0,00298184552537169
0,27;310,15;0,000514703467935356;0,000524891079448882;0,000535078690962408;0,000545266302475935;0,000555453913989461;0,000565641525502987;0,000575829137016513;0,000586016748530039;0,000596204360043565;0,000606391971557091;0,000616579583070617;0,000631721190196128;0,000646862797321638;0,000662004404447148;0,000677146011572658;0,000692287618698169;0,000707429225823679;0,000722570832949189;0,000737712440074699;0,00075285404720021;0,00076799565432572;0,00078313726145123;0,00079827886857674;0,000813420475702251;0,000828562082827761;0,000843703689953271;0,000858845297078782;0,000873986904204292;0,000889128511329802;0,000904270118455312;0,000919411725580823;0,000934553332706333;0,000949694939831843;0,000964836546957354;0,000979978154082864;0,000995119761208374;0,00101026136833388;0,00102540297545939;0,0010405445825849;0,00105568618971042;0,00107082779683593;0,00108596940396144;0,00110111101108695;0,00111625261821246;0,00113139422533797;0,00114653583246348;0,00116167743958899;0,0011768190467145;0,00119196065384001;0,00120710226096552;0,00122224386809103;0,00124178359916856;0,00126132333024609;0,00128086306132362;0,00130040279240115;0,00131994252347868;0,00133948225455621;0,00135902198563374;0,00137856171671127;0,0013981014477888;0,00141764117886633;0,00143718090994386;0,00145672064102139;0,00147626037209892;0,00149580010317645;0,00151533983425398;0,00153487956533151;0,00155441929640904;0,00157395902748657;0,0015934987585641;0,00161303848964163;0,00163257822071916;0,00165211795179669;0,00167165768287422;0,00169119741395175;0,00171073714502928;0,00173027687610681;0,00174981660718434;0,00176935633826187;0,0017888960693394;0,00180843580041693;0,00182797553149446;0,00184751526257199;0,00186705499364953;0,00188659472472706;0,00190613445580459;0,00192567418688212;0,00194521391795965;0,00196475364903718;0,00198429338011471;0,00200383311119224;0,00211082998343747;0,0022178268556827;0,00232482372792794;0,00243182060017317;0,00253881747241841;0,00264581434466364;0,00275281121690888;0,00285980808915411;0,00296680496139934;0,00307380183364458
0,28;311,15;0,000530576265625199;0,00054107805006852;0,000551579834511841;0,000562081618955162;0,000572583403398483;0,000583085187841804;0,000593586972285125;0,000604088756728447;0,000614590541171768;0,000625092325615089;0,00063559411005841;0,000651202665012281;0,000666811219966152;0,000682419774920024;0,000698028329873895;0,000713636884827766;0,000729245439781638;0,000744853994735509;0,00076046254968938;0,000776071104643252;0,000791679659597123;0,000807288214550994;0,000822896769504865;0,000838505324458737;0,000854113879412608;0,000869722434366479;0,00088533098932035;0,000900939544274222;0,000916548099228093;0,000932156654181964;0,000947765209135836;0,000963373764089707;0,000978982319043578;0,00099459087399745;0,00101019942895132;0,00102580798390519;0,00104141653885906;0,00105702509381293;0,00107263364876681;0,00108824220372068;0,00110385075867455;0,00111945931362842;0,00113506786858229;0,00115067642353616;0,00116628497849003;0,00118189353344391;0,00119750208839778;0,00121311064335165;0,00122871919830552;0,00124432775325939;0,00125993630821326;0,00128007861964556;0,00130022093107785;0,00132036324251015;0,00134050555394244;0,00136064786537474;0,00138079017680704;0,00140093248823933;0,00142107479967163;0,00144121711110392;0,00146135942253622;0,00148150173396852;0,00150164404540081;0,00152178635683311;0,0015419286682654;0,0015620709796977;0,00158221329112999;0,00160235560256229;0,00162249791399459;0,00164264022542688;0,00166278253685918;0,00168292484829147;0,00170306715972377;0,00172320947115606;0,00174335178258836;0,00176349409402066;0,00178363640545295;0,00180377871688525;0,00182392102831754;0,00184406333974984;0,00186420565118214;0,00188434796261443;0,00190449027404673;0,00192463258547902;0,00194477489691132;0,00196491720834361;0,00198505951977591;0,00200520183120821;0,0020253441426405;0,0020454864540728;0,00206562876550509;0,00217592528465849;0,00228622180381189;0,00239651832296529;0,00250681484211869;0,00261711136127209;0,00272740788042549;0,00283770439957889;0,00294800091873229;0,00305829743788568;0,00316859395703908
0,29;312,15;0,000546938560126697;0,000557764206191779;0,00056858985225686;0,000579415498321941;0,000590241144387023;0,000601066790452104;0,000611892436517185;0,000622718082582267;0,000633543728647348;0,00064436937471243;0,000655195020777511;0,000671284923634491;0,000687374826491471;0,000703464729348452;0,000719554632205432;0,000735644535062412;0,000751734437919392;0,000767824340776373;0,000783914243633353;0,000800004146490333;0,000816094049347313;0,000832183952204293;0,000848273855061274;0,000864363757918254;0,000880453660775234;0,000896543563632214;0,000912633466489195;0,000928723369346175;0,000944813272203155;0,000960903175060135;0,000976993077917116;0,000993082980774096;0,00100917288363108;0,00102526278648806;0,00104135268934504;0,00105744259220202;0,001073532495059;0,00108962239791598;0,00110571230077296;0,00112180220362994;0,00113789210648692;0,0011539820093439;0,00117007191220088;0,00118616181505786;0,00120225171791484;0,00121834162077182;0,0012344315236288;0,00125052142648578;0,00126661132934276;0,00128270123219974;0,00129879113505672;0,00131955460965245;0,00134031808424817;0,00136108155884389;0,00138184503343962;0,00140260850803534;0,00142337198263107;0,00144413545722679;0,00146489893182252;0,00148566240641824;0,00150642588101397;0,00152718935560969;0,00154795283020542;0,00156871630480114;0,00158947977939687;0,00161024325399259;0,00163100672858832;0,00165177020318404;0,00167253367777977;0,00169329715237549;0,00171406062697122;0,00173482410156694;0,00175558757616267;0,00177635105075839;0,00179711452535412;0,00181787799994984;0,00183864147454557;0,00185940494914129;0,00188016842373702;0,00190093189833274;0,00192169537292847;0,00194245884752419;0,00196322232211992;0,00198398579671564;0,00200474927131137;0,00202551274590709;0,00204627622050282;0,00206703969509854;0,00208780316969426;0,00210856664428999;0,00212933011888571;0,00224302804184437;0,00235672596480303;0,00247042388776169;0,00258412181072035;0,00269781973367901;0,00281151765663767;0,00292521557959633;0,00303891350255498;0,00315261142551364;0,0032663093484723
0,3;313,15;0,00056380544689645;0,000574964942062145;0,00058612443722784;0,000597283932393535;0,000608443427559229;0,000619602922724924;0,000630762417890619;0,000641921913056314;0,000653081408222009;0,000664240903387704;0,000675400398553399;0,000691986493468153;0,000708572588382907;0,00072515868329766;0,000741744778212414;0,000758330873127168;0,000774916968041922;0,000791503062956676;0,00080808915787143;0,000824675252786184;0,000841261347700937;0,000857847442615691;0,000874433537530445;0,000891019632445199;0,000907605727359953;0,000924191822274707;0,00094077791718946;0,000957364012104214;0,000973950107018968;0,000990536201933722;0,00100712229684848;0,00102370839176323;0,00104029448667798;0,00105688058159274;0,00107346667650749;0,00109005277142225;0,001106638866337;0,00112322496125175;0,00113981105616651;0,00115639715108126;0,00117298324599601;0,00118956934091077;0,00120615543582552;0,00122274153074028;0,00123932762565503;0,00125591372056978;0,00127249981548454;0,00128908591039929;0,00130567200531405;0,0013222581002288;0,00133884419514355;0,00136024798878146;0,00138165178241937;0,00140305557605727;0,00142445936969518;0,00144586316333309;0,00146726695697099;0,0014886707506089;0,00151007454424681;0,00153147833788471;0,00155288213152262;0,00157428592516053;0,00159568971879844;0,00161709351243634;0,00163849730607425;0,00165990109971216;0,00168130489335006;0,00170270868698797;0,00172411248062588;0,00174551627426378;0,00176692006790169;0,0017883238615396;0,0018097276551775;0,00183113144881541;0,00185253524245332;0,00187393903609122;0,00189534282972913;0,00191674662336704;0,00193815041700495;0,00195955421064285;0,00198095800428076;0,00200236179791867;0,00202376559155657;0,00204516938519448;0,00206657317883239;0,00208797697247029;0,0021093807661082;0,00213078455974611;0,00215218835338401;0,00217359214702192;0,00219499594065983;0,00231220016237361;0,00242940438408739;0,00254660860580117;0,00266381282751494;0,00278101704922872;0,0028982212709425;0,00301542549265628;0,00313262971437006;0,00324983393608384;0,00336703815779762
0,31;314,15;0,000581192486915661;0,000592696126661916;0,000604199766408172;0,000615703406154428;0,000627207045900684;0,000638710685646939;0,000650214325393195;0,000661717965139451;0,000673221604885707;0,000684725244631963;0,000696228884378218;0,000713326473280185;0,000730424062182151;0,000747521651084118;0,000764619239986084;0,000781716828888051;0,000798814417790017;0,000815912006691984;0,00083300959559395;0,000850107184495917;0,000867204773397883;0,000884302362299849;0,000901399951201816;0,000918497540103782;0,000935595129005749;0,000952692717907715;0,000969790306809682;0,000986887895711648;0,00100398548461361;0,00102108307351558;0,00103818066241755;0,00105527825131951;0,00107237584022148;0,00108947342912345;0,00110657101802541;0,00112366860692738;0,00114076619582935;0,00115786378473131;0,00117496137363328;0,00119205896253525;0,00120915655143721;0,00122625414033918;0,00124335172924115;0,00126044931814311;0,00127754690704508;0,00129464449594704;0,00131174208484901;0,00132883967375098;0,00134593726265294;0,00136303485155491;0,00138013244045688;0,00140219629975856;0,00142426015906024;0,00144632401836192;0,0014683878776636;0,00149045173696528;0,00151251559626696;0,00153457945556864;0,00155664331487033;0,00157870717417201;0,00160077103347369;0,00162283489277537;0,00164489875207705;0,00166696261137873;0,00168902647068041;0,00171109032998209;0,00173315418928377;0,00175521804858545;0,00177728190788714;0,00179934576718882;0,0018214096264905;0,00184347348579218;0,00186553734509386;0,00188760120439554;0,00190966506369722;0,0019317289229989;0,00195379278230058;0,00197585664160227;0,00199792050090395;0,00201998436020563;0,00204204821950731;0,00206411207880899;0,00208617593811067;0,00210823979741235;0,00213030365671403;0,00215236751601571;0,00217443137531739;0,00219649523461908;0,00221855909392076;0,00224062295322244;0,00226268681252412;0,00238350546276919;0,00250432411301425;0,00262514276325932;0,00274596141350439;0,00286678006374945;0,00298759871399452;0,00310841736423959;0,00322923601448466;0,00335005466472972;0,00347087331497479
0,32;315,15;0,000599115721046322;0,00061097411835254;0,000622832515658759;0,000634690912964978;0,000646549310271196;0,000658407707577415;0,000670266104883633;0,000682124502189852;0,000693982899496071;0,000705841296802289;0,000717699694108508;0,00073532455081909;0,000752949407529672;0,000770574264240253;0,000788199120950835;0,000805823977661417;0,000823448834371999;0,000841073691082581;0,000858698547793162;0,000876323404503744;0,000893948261214326;0,000911573117924908;0,00092919797463549;0,000946822831346072;0,000964447688056654;0,000982072544767235;0,000999697401477817;0,0010173222581884;0,00103494711489898;0,00105257197160956;0,00107019682832014;0,00108782168503073;0,00110544654174131;0,00112307139845189;0,00114069625516247;0,00115832111187305;0,00117594596858364;0,00119357082529422;0,0012111956820048;0,00122882053871538;0,00124644539542596;0,00126407025213654;0,00128169510884713;0,00129931996555771;0,00131694482226829;0,00133456967897887;0,00135219453568945;0,00136981939240004;0,00138744424911062;0,0014050691058212;0,00142269396253178;0,00144543824307942;0,00146818252362706;0,00149092680417471;0,00151367108472235;0,00153641536526999;0,00155915964581763;0,00158190392636527;0,00160464820691291;0,00162739248746055;0,0016501367680082;0,00167288104855584;0,00169562532910348;0,00171836960965112;0,00174111389019876;0,0017638581707464;0,00178660245129405;0,00180934673184169;0,00183209101238933;0,00185483529293697;0,00187757957348461;0,00190032385403225;0,00192306813457989;0,00194581241512754;0,00196855669567518;0,00199130097622282;0,00201404525677046;0,0020367895373181;0,00205953381786574;0,00208227809841338;0,00210502237896103;0,00212776665950867;0,00215051094005631;0,00217325522060395;0,00219599950115159;0,00221874378169923;0,00224148806224687;0,00226423234279452;0,00228697662334216;0,0023097209038898;0,00233246518443744;0,00245700972757418;0,00258155427071092;0,00270609881384766;0,0028306433569844;0,00295518790012114;0,00307973244325788;0,00320427698639462;0,00332882152953136;0,0034533660726681;0,00357791061580484
0,33;316,15;0,000617591684830126;0,000629815779966442;0,000642039875102758;0,000654263970239073;0,000666488065375389;0,000678712160511705;0,00069093625564802;0,000703160350784336;0,000715384445920652;0,000727608541056967;0,000739832636193283;0,000758001020978392;0,000776169405763502;0,000794337790548611;0,00081250617533372;0,00083067456011883;0,000848842944903939;0,000867011329689048;0,000885179714474157;0,000903348099259267;0,000921516484044376;0,000939684868829485;0,000957853253614595;0,000976021638399704;0,000994190023184814;0,00101235840796992;0,00103052679275503;0,00104869517754014;0,00106686356232525;0,00108503194711036;0,00110320033189547;0,00112136871668058;0,00113953710146569;0,0011577054862508;0,00117587387103591;0,00119404225582102;0,00121221064060613;0,00123037902539123;0,00124854741017634;0,00126671579496145;0,00128488417974656;0,00130305256453167;0,00132122094931678;0,00133938933410189;0,001357557718887;0,00137572610367211;0,00139389448845722;0,00141206287324233;0,00143023125802744;0,00144839964281255;0,00146656802759766;0,00149001371271361;0,00151345939782955;0,0015369050829455;0,00156035076806145;0,0015837964531774;0,00160724213829335;0,0016306878234093;0,00165413350852525;0,0016775791936412;0,00170102487875715;0,0017244705638731;0,00174791624898905;0,001771361934105;0,00179480761922095;0,0018182533043369;0,00184169898945284;0,00186514467456879;0,00188859035968474;0,00191203604480069;0,00193548172991664;0,00195892741503259;0,00198237310014854;0,00200581878526449;0,00202926447038044;0,00205271015549639;0,00207615584061234;0,00209960152572829;0,00212304721084424;0,00214649289596019;0,00216993858107614;0,00219338426619208;0,00221682995130803;0,00224027563642398;0,00226372132153993;0,00228716700665588;0,00231061269177183;0,00233405837688778;0,00235750406200373;0,00238094974711968;0,00240439543223563;0,00253278077004296;0,0026611661078503;0,00278955144565764;0,00291793678346497;0,00304632212127231;0,00317470745907964;0,00330309279688698;0,00343147813469432;0,00355986347250165;0,00368824881030899
0,34;317,15;0,000636637423743758;0,000649238494364265;0,000661839564984773;0,00067444063560528;0,000687041706225788;0,000699642776846295;0,000712243847466803;0,00072484491808731;0,000737445988707817;0,000750047059328325;0,000762648129948832;0,000781376804520218;0,000800105479091604;0,00081883415366299;0,000837562828234375;0,000856291502805761;0,000875020177377147;0,000893748851948533;0,000912477526519919;0,000931206201091304;0,00094993487566269;0,000968663550234076;0,000987392224805462;0,00100612089937685;0,00102484957394823;0,00104357824851962;0,001062306923091;0,00108103559766239;0,00109976427223378;0,00111849294680516;0,00113722162137655;0,00115595029594793;0,00117467897051932;0,00119340764509071;0,00121213631966209;0,00123086499423348;0,00124959366880486;0,00126832234337625;0,00128705101794763;0,00130577969251902;0,00132450836709041;0,00134323704166179;0,00136196571623318;0,00138069439080456;0,00139942306537595;0,00141815173994733;0,00143688041451872;0,00145560908909011;0,00147433776366149;0,00149306643823288;0,00151179511280426;0,00153596383290973;0,0015601325530152;0,00158430127312068;0,00160846999322615;0,00163263871333162;0,00165680743343709;0,00168097615354256;0,00170514487364803;0,0017293135937535;0,00175348231385897;0,00177765103396444;0,00180181975406991;0,00182598847417538;0,00185015719428085;0,00187432591438632;0,00189849463449179;0,00192266335459726;0,00194683207470273;0,0019710007948082;0,00199516951491368;0,00201933823501915;0,00204350695512462;0,00206767567523009;0,00209184439533556;0,00211601311544103;0,0021401818355465;0,00216435055565197;0,00218851927575744;0,00221268799586291;0,00223685671596838;0,00226102543607385;0,00228519415617932;0,00230936287628479;0,00233353159639026;0,00235770031649573;0,0023818690366012;0,00240603775670668;0,00243020647681215;0,00245437519691762;0,00247854391702309;0,00261088849470408;0,00274323307238507;0,00287557765006606;0,00300792222774705;0,00314026680542804;0,00327261138310903;0,00340495596079002;0,00353730053847101;0,003669645116152;0,00380198969383299
0,35;318,15;0,000656270508924634;0,000669260180471879;0,000682249852019124;0,000695239523566369;0,000708229195113614;0,000721218866660859;0,000734208538208104;0,000747198209755349;0,000760187881302594;0,000773177552849839;0,000786167224397084;0,000805473467376281;0,000824779710355479;0,000844085953334676;0,000863392196313874;0,000882698439293071;0,000902004682272268;0,000921310925251465;0,000940617168230663;0,00095992341120986;0,000979229654189057;0,000998535897168255;0,00101784214014745;0,00103714838312665;0,00105645462610585;0,00107576086908504;0,00109506711206424;0,00111437335504344;0,00113367959802264;0,00115298584100183;0,00117229208398103;0,00119159832696023;0,00121090456993943;0,00123021081291862;0,00124951705589782;0,00126882329887702;0,00128812954185621;0,00130743578483541;0,00132674202781461;0,00134604827079381;0,001365354513773;0,0013846607567522;0,0014039669997314;0,0014232732427106;0,00144257948568979;0,00146188572866899;0,00148119197164819;0,00150049821462739;0,00151980445760658;0,00153911070058578;0,00155841694356498;0,00158333099613575;0,00160824504870653;0,0016331591012773;0,00165807315384807;0,00168298720641885;0,00170790125898962;0,0017328153115604;0,00175772936413117;0,00178264341670194;0,00180755746927272;0,00183247152184349;0,00185738557441427;0,00188229962698504;0,00190721367955582;0,00193212773212659;0,00195704178469736;0,00198195583726814;0,00200686988983891;0,00203178394240969;0,00205669799498046;0,00208161204755123;0,00210652610012201;0,00213144015269278;0,00215635420526356;0,00218126825783433;0,00220618231040511;0,00223109636297588;0,00225601041554665;0,00228092446811743;0,0023058385206882;0,00233075257325898;0,00235566662582975;0,00238058067840052;0,0024054947309713;0,00243040878354207;0,00245532283611285;0,00248023688868362;0,0025051509412544;0,00253006499382517;0,00255497904639594;0,00269140496185246;0,00282783087730897;0,00296425679276549;0,003100682708222;0,00323710862367852;0,00337353453913503;0,00350996045459155;0,00364638637004806;0,00378281228550458;0,00391923820096109
0,36;319,15;0,000676509053381612;0,000689899309811944;0,000703289566242275;0,000716679822672606;0,000730070079102937;0,000743460335533268;0,000756850591963599;0,000770240848393931;0,000783631104824262;0,000797021361254593;0,000810411617684924;0,000830313240544092;0,00085021486340326;0,000870116486262427;0,000890018109121595;0,000909919731980763;0,000929821354839931;0,000949722977699099;0,000969624600558266;0,000989526223417434;0,0010094278462766;0,00102932946913577;0,00104923109199494;0,00106913271485411;0,00108903433771327;0,00110893596057244;0,00112883758343161;0,00114873920629078;0,00116864082914994;0,00118854245200911;0,00120844407486828;0,00122834569772745;0,00124824732058662;0,00126814894344578;0,00128805056630495;0,00130795218916412;0,00132785381202329;0,00134775543488245;0,00136765705774162;0,00138755868060079;0,00140746030345996;0,00142736192631913;0,00144726354917829;0,00146716517203746;0,00148706679489663;0,0015069684177558;0,00152687004061496;0,00154677166347413;0,0015666732863333;0,00158657490919247;0,00160647653205164;0,00163215890218918;0,00165784127232672;0,00168352364246426;0,0017092060126018;0,00173488838273934;0,00176057075287688;0,00178625312301442;0,00181193549315196;0,0018376178632895;0,00186330023342704;0,00188898260356458;0,00191466497370212;0,00194034734383966;0,0019660297139772;0,00199171208411474;0,00201739445425228;0,00204307682438982;0,00206875919452735;0,00209444156466489;0,00212012393480243;0,00214580630493997;0,00217148867507751;0,00219717104521505;0,00222285341535259;0,00224853578549013;0,00227421815562767;0,00229990052576521;0,00232558289590275;0,00235126526604029;0,00237694763617783;0,00240263000631537;0,00242831237645291;0,00245399474659045;0,00247967711672799;0,00250535948686553;0,00253104185700307;0,00255672422714061;0,00258240659727815;0,00260808896741569;0,00263377133755323;0,00277440445403052;0,00291503757050781;0,0030556706869851;0,00319630380346238;0,00333693691993967;0,00347757003641696;0,00361820315289425;0,00375883626937153;0,00389946938584882;0,00404010250232611
0,37;320,15;0,000697371728705614;0,000711174923545291;0,000724978118384967;0,000738781313224644;0,00075258450806432;0,000766387702903997;0,000780190897743673;0,00079399409258335;0,000807797287423026;0,000821600482262703;0,000835403677102379;0,000855919040596733;0,000876434404091087;0,000896949767585441;0,000917465131079795;0,000937980494574149;0,000958495858068503;0,000979011221562856;0,00099952658505721;0,00102004194855156;0,00104055731204592;0,00106107267554027;0,00108158803903463;0,00110210340252898;0,00112261876602333;0,00114313412951769;0,00116364949301204;0,0011841648565064;0,00120468022000075;0,0012251955834951;0,00124571094698946;0,00126622631048381;0,00128674167397816;0,00130725703747252;0,00132777240096687;0,00134828776446123;0,00136880312795558;0,00138931849144993;0,00140983385494429;0,00143034921843864;0,001450864581933;0,00147137994542735;0,0014918953089217;0,00151241067241606;0,00153292603591041;0,00155344139940476;0,00157395676289912;0,00159447212639347;0,00161498748988783;0,00163550285338218;0,00165601821687653;0,00168249259851348;0,00170896698015043;0,00173544136178737;0,00176191574342432;0,00178839012506126;0,00181486450669821;0,00184133888833515;0,0018678132699721;0,00189428765160905;0,00192076203324599;0,00194723641488294;0,00197371079651988;0,00200018517815683;0,00202665955979377;0,00205313394143072;0,00207960832306767;0,00210608270470461;0,00213255708634156;0,0021590314679785;0,00218550584961545;0,00221198023125239;0,00223845461288934;0,00226492899452628;0,00229140337616323;0,00231787775780018;0,00234435213943712;0,00237082652107407;0,00239730090271101;0,00242377528434796;0,0024502496659849;0,00247672404762185;0,0025031984292588;0,00252967281089574;0,00255614719253269;0,00258262157416963;0,00260909595580658;0,00263557033744352;0,00266204471908047;0,00268851910071742;0,00271499348235436;0,00285996354455943;0,0030049336067645;0,00314990366896957;0,00329487373117463;0,0034398437933797;0,00358481385558477;0,00372978391778984;0,00387475397999491;0,00401972404219997;0,00416469410440504
0,38;321,15;0,000718877782295582;0,000733106650037837;0,000747335517780093;0,000761564385522349;0,000775793253264605;0,000790022121006861;0,000804250988749116;0,000818479856491372;0,000832708724233628;0,000846937591975884;0,000861166459718139;0,00088231449082514;0,00090346252193214;0,00092461055303914;0,00094575858414614;0,000966906615253141;0,000988054646360141;0,00100920267746714;0,00103035070857414;0,00105149873968114;0,00107264677078814;0,00109379480189514;0,00111494283300214;0,00113609086410914;0,00115723889521614;0,00117838692632314;0,00119953495743014;0,00122068298853714;0,00124183101964414;0,00126297905075114;0,00128412708185814;0,00130527511296514;0,00132642314407214;0,00134757117517914;0,00136871920628614;0,00138986723739314;0,00141101526850015;0,00143216329960715;0,00145331133071415;0,00147445936182115;0,00149560739292815;0,00151675542403515;0,00153790345514215;0,00155905148624915;0,00158019951735615;0,00160134754846315;0,00162249557957015;0,00164364361067715;0,00166479164178415;0,00168593967289115;0,00170708770399815;0,00173437852175777;0,00176166933951738;0,001788960157277;0,00181625097503662;0,00184354179279624;0,00187083261055585;0,00189812342831547;0,00192541424607509;0,00195270506383471;0,00197999588159432;0,00200728669935394;0,00203457751711356;0,00206186833487318;0,00208915915263279;0,00211644997039241;0,00214374078815203;0,00217103160591165;0,00219832242367126;0,00222561324143088;0,0022529040591905;0,00228019487695012;0,00230748569470973;0,00233477651246935;0,00236206733022897;0,00238935814798859;0,00241664896574821;0,00244393978350782;0,00247123060126744;0,00249852141902706;0,00252581223678668;0,00255310305454629;0,00258039387230591;0,00260768469006553;0,00263497550782515;0,00266226632558476;0,00268955714334438;0,002716847961104;0,00274413877886362;0,00277142959662323;0,00279872041438285;0,00294816116818379;0,00309760192198473;0,00324704267578567;0,00339648342958661;0,00354592418338755;0,00369536493718849;0,00384480569098943;0,00399424644479037;0,00414368719859131;0,00429312795239225
0,39;322,15;0,000741047055115662;0,000755714722969241;0,000770382390822819;0,000785050058676398;0,000799717726529977;0,000814385394383556;0,000829053062237134;0,000843720730090713;0,000858388397944292;0,000873056065797871;0,000887723733651449;0,000909523943032372;0,000931324152413295;0,000953124361794217;0,00097492457117514;0,000996724780556062;0,00101852498993698;0,00104032519931791;0,00106212540869883;0,00108392561807975;0,00110572582746067;0,0011275260368416;0,00114932624622252;0,00117112645560344;0,00119292666498436;0,00121472687436529;0,00123652708374621;0,00125832729312713;0,00128012750250806;0,00130192771188898;0,0013237279212699;0,00134552813065082;0,00136732834003175;0,00138912854941267;0,00141092875879359;0,00143272896817451;0,00145452917755544;0,00147632938693636;0,00149812959631728;0,0015199298056982;0,00154173001507913;0,00156353022446005;0,00158533043384097;0,00160713064322189;0,00162893085260282;0,00165073106198374;0,00167253127136466;0,00169433148074558;0,00171613169012651;0,00173793189950743;0,00175973210888835;0,0017878645406181;0,00181599697234785;0,00184412940407759;0,00187226183580734;0,00190039426753709;0,00192852669926684;0,00195665913099658;0,00198479156272633;0,00201292399445608;0,00204105642618583;0,00206918885791557;0,00209732128964532;0,00212545372137507;0,00215358615310482;0,00218171858483456;0,00220985101656431;0,00223798344829406;0,00226611588002381;0,00229424831175355;0,0023223807434833;0,00235051317521305;0,0023786456069428;0,00240677803867255;0,00243491047040229;0,00246304290213204;0,00249117533386179;0,00251930776559154;0,00254744019732128;0,00257557262905103;0,00260370506078078;0,00263183749251053;0,00265996992424027;0,00268810235597002;0,00271623478769977;0,00274436721942952;0,00277249965115926;0,00280063208288901;0,00282876451461876;0,00285689694634851;0,00288502937807825;0,00303907869389494;0,00319312800971163;0,00334717732552831;0,003501226641345;0,00365527595716169;0,00380932527297837;0,00396337458879506;0,00411742390461175;0,00427147322042843;0,00442552253624512
0,4;323,15;0,0007639;0,00077902;0,00079414;0,00080926;0,00082438;0,0008395;0,00085462;0,00086974;0,00088486;0,00089998;0,0009151;0,0009375725;0,000960045;0,0009825175;0,00100499;0,0010274625;0,001049935;0,0010724075;0,00109488;0,0011173525;0,001139825;0,0011622975;0,00118477;0,0012072425;0,001229715;0,0012521875;0,00127466;0,0012971325;0,001319605;0,0013420775;0,00136455;0,0013870225;0,001409495;0,0014319675;0,00145444;0,0014769125;0,001499385;0,0015218575;0,00154433;0,0015668025;0,001589275;0,0016117475;0,00163422;0,0016566925;0,001679165;0,0017016375;0,00172411;0,0017465825;0,001769055;0,0017915275;0,001814;0,001843;0,001872;0,001901;0,00193;0,001959;0,001988;0,002017;0,002046;0,002075;0,002104;0,002133;0,002162;0,002191;0,00222;0,002249;0,002278;0,002307;0,002336;0,002365;0,002394;0,002423;0,002452;0,002481;0,00251;0,002539;0,002568;0,002597;0,002626;0,002655;0,002684;0,002713;0,002742;0,002771;0,0028;0,002829;0,002858;0,002887;0,002916;0,002945;0,002974;0,0031328;0,0032916;0,0034504;0,0036092;0,003768;0,0039268;0,0040856;0,0042444;0,0044032;0,004562
0,41;;;;;;;;;;;;;;;;;;;;;;;;;;;;;;;;;;;;;;;;;;;;;;;;;;;;;;;;;;;;;;;;;;;;;;;;;;;;;;;;;;;;;;;;;;;;;;;;;;;;;;
0,42;;;;;;;;;;;;;;;;;;;;;;;;;;;;;;;;;;;;;;;;;;;;;;;;;;;;;;;;;;;;;;;;;;;;;;;;;;;;;;;;;;;;;;;;;;;;;;;;;;;;;;
0,43;;;;;;;;;;;;;;;;;;;;;;;;;;;;;;;;;;;;;;;;;;;;;;;;;;;;;;;;;;;;;;;;;;;;;;;;;;;;;;;;;;;;;;;;;;;;;;;;;;;;;;
0,44;;;;;;;;;;;;;;;;;;;;;;;;;;;;;;;;;;;;;;;;;;;;;;;;;;;;;;;;;;;;;;;;;;;;;;;;;;;;;;;;;;;;;;;;;;;;;;;;;;;;;;
0,45;;;;;;;;;;;;;;;;;;;;;;;;;;;;;;;;;;;;;;;;;;;;;;;;;;;;;;;;;;;;;;;;;;;;;;;;;;;;;;;;;;;;;;;;;;;;;;;;;;;;;;
0,46;;;;;;;;;;;;;;;;;;;;;;;;;;;;;;;;;;;;;;;;;;;;;;;;;;;;;;;;;;;;;;;;;;;;;;;;;;;;;;;;;;;;;;;;;;;;;;;;;;;;;;
0,47;;;;;;;;;;;;;;;;;;;;;;;;;;;;;;;;;;;;;;;;;;;;;;;;;;;;;;;;;;;;;;;;;;;;;;;;;;;;;;;;;;;;;;;;;;;;;;;;;;;;;;
0,48;;;;;;;;;;;;;;;;;;;;;;;;;;;;;;;;;;;;;;;;;;;;;;;;;;;;;;;;;;;;;;;;;;;;;;;;;;;;;;;;;;;;;;;;;;;;;;;;;;;;;;
0,49;;;;;;;;;;;;;;;;;;;;;;;;;;;;;;;;;;;;;;;;;;;;;;;;;;;;;;;;;;;;;;;;;;;;;;;;;;;;;;;;;;;;;;;;;;;;;;;;;;;;;;
0,5;;;;;;;;;;;;;;;;;;;;;;;;;;;;;;;;;;;;;;;;;;;;;;;;;;;;;;;;;;;;;;;;;;;;;;;;;;;;;;;;;;;;;;;;;;;;;;;;;;;;;;
0,51;;;;;;;;;;;;;;;;;;;;;;;;;;;;;;;;;;;;;;;;;;;;;;;;;;;;;;;;;;;;;;;;;;;;;;;;;;;;;;;;;;;;;;;;;;;;;;;;;;;;;;
0,52;;;;;;;;;;;;;;;;;;;;;;;;;;;;;;;;;;;;;;;;;;;;;;;;;;;;;;;;;;;;;;;;;;;;;;;;;;;;;;;;;;;;;;;;;;;;;;;;;;;;;;
0,53;;;;;;;;;;;;;;;;;;;;;;;;;;;;;;;;;;;;;;;;;;;;;;;;;;;;;;;;;;;;;;;;;;;;;;;;;;;;;;;;;;;;;;;;;;;;;;;;;;;;;;
0,54;;;;;;;;;;;;;;;;;;;;;;;;;;;;;;;;;;;;;;;;;;;;;;;;;;;;;;;;;;;;;;;;;;;;;;;;;;;;;;;;;;;;;;;;;;;;;;;;;;;;;;
0,55;;;;;;;;;;;;;;;;;;;;;;;;;;;;;;;;;;;;;;;;;;;;;;;;;;;;;;;;;;;;;;;;;;;;;;;;;;;;;;;;;;;;;;;;;;;;;;;;;;;;;;
0,56;;;;;;;;;;;;;;;;;;;;;;;;;;;;;;;;;;;;;;;;;;;;;;;;;;;;;;;;;;;;;;;;;;;;;;;;;;;;;;;;;;;;;;;;;;;;;;;;;;;;;;
0,57;;;;;;;;;;;;;;;;;;;;;;;;;;;;;;;;;;;;;;;;;;;;;;;;;;;;;;;;;;;;;;;;;;;;;;;;;;;;;;;;;;;;;;;;;;;;;;;;;;;;;;
0,58;;;;;;;;;;;;;;;;;;;;;;;;;;;;;;;;;;;;;;;;;;;;;;;;;;;;;;;;;;;;;;;;;;;;;;;;;;;;;;;;;;;;;;;;;;;;;;;;;;;;;;
0,59;;;;;;;;;;;;;;;;;;;;;;;;;;;;;;;;;;;;;;;;;;;;;;;;;;;;;;;;;;;;;;;;;;;;;;;;;;;;;;;;;;;;;;;;;;;;;;;;;;;;;;
0,6;;;;;;;;;;;;;;;;;;;;;;;;;;;;;;;;;;;;;;;;;;;;;;;;;;;;;;;;;;;;;;;;;;;;;;;;;;;;;;;;;;;;;;;;;;;;;;;;;;;;;;
0,61;;;;;;;;;;;;;;;;;;;;;;;;;;;;;;;;;;;;;;;;;;;;;;;;;;;;;;;;;;;;;;;;;;;;;;;;;;;;;;;;;;;;;;;;;;;;;;;;;;;;;;
0,62;;;;;;;;;;;;;;;;;;;;;;;;;;;;;;;;;;;;;;;;;;;;;;;;;;;;;;;;;;;;;;;;;;;;;;;;;;;;;;;;;;;;;;;;;;;;;;;;;;;;;;
0,63;;;;;;;;;;;;;;;;;;;;;;;;;;;;;;;;;;;;;;;;;;;;;;;;;;;;;;;;;;;;;;;;;;;;;;;;;;;;;;;;;;;;;;;;;;;;;;;;;;;;;;
0,64;;;;;;;;;;;;;;;;;;;;;;;;;;;;;;;;;;;;;;;;;;;;;;;;;;;;;;;;;;;;;;;;;;;;;;;;;;;;;;;;;;;;;;;;;;;;;;;;;;;;;;
0,65;;;;;;;;;;;;;;;;;;;;;;;;;;;;;;;;;;;;;;;;;;;;;;;;;;;;;;;;;;;;;;;;;;;;;;;;;;;;;;;;;;;;;;;;;;;;;;;;;;;;;;
0,66;;;;;;;;;;;;;;;;;;;;;;;;;;;;;;;;;;;;;;;;;;;;;;;;;;;;;;;;;;;;;;;;;;;;;;;;;;;;;;;;;;;;;;;;;;;;;;;;;;;;;;
0,67;;;;;;;;;;;;;;;;;;;;;;;;;;;;;;;;;;;;;;;;;;;;;;;;;;;;;;;;;;;;;;;;;;;;;;;;;;;;;;;;;;;;;;;;;;;;;;;;;;;;;;
0,68;;;;;;;;;;;;;;;;;;;;;;;;;;;;;;;;;;;;;;;;;;;;;;;;;;;;;;;;;;;;;;;;;;;;;;;;;;;;;;;;;;;;;;;;;;;;;;;;;;;;;;
0,69;;;;;;;;;;;;;;;;;;;;;;;;;;;;;;;;;;;;;;;;;;;;;;;;;;;;;;;;;;;;;;;;;;;;;;;;;;;;;;;;;;;;;;;;;;;;;;;;;;;;;;
0,7;;;;;;;;;;;;;;;;;;;;;;;;;;;;;;;;;;;;;;;;;;;;;;;;;;;;;;;;;;;;;;;;;;;;;;;;;;;;;;;;;;;;;;;;;;;;;;;;;;;;;;
0,71;;;;;;;;;;;;;;;;;;;;;;;;;;;;;;;;;;;;;;;;;;;;;;;;;;;;;;;;;;;;;;;;;;;;;;;;;;;;;;;;;;;;;;;;;;;;;;;;;;;;;;
0,72;;;;;;;;;;;;;;;;;;;;;;;;;;;;;;;;;;;;;;;;;;;;;;;;;;;;;;;;;;;;;;;;;;;;;;;;;;;;;;;;;;;;;;;;;;;;;;;;;;;;;;
0,73;;;;;;;;;;;;;;;;;;;;;;;;;;;;;;;;;;;;;;;;;;;;;;;;;;;;;;;;;;;;;;;;;;;;;;;;;;;;;;;;;;;;;;;;;;;;;;;;;;;;;;
0,74;;;;;;;;;;;;;;;;;;;;;;;;;;;;;;;;;;;;;;;;;;;;;;;;;;;;;;;;;;;;;;;;;;;;;;;;;;;;;;;;;;;;;;;;;;;;;;;;;;;;;;
0,75;;;;;;;;;;;;;;;;;;;;;;;;;;;;;;;;;;;;;;;;;;;;;;;;;;;;;;;;;;;;;;;;;;;;;;;;;;;;;;;;;;;;;;;;;;;;;;;;;;;;;;
0,76;;;;;;;;;;;;;;;;;;;;;;;;;;;;;;;;;;;;;;;;;;;;;;;;;;;;;;;;;;;;;;;;;;;;;;;;;;;;;;;;;;;;;;;;;;;;;;;;;;;;;;
0,77;;;;;;;;;;;;;;;;;;;;;;;;;;;;;;;;;;;;;;;;;;;;;;;;;;;;;;;;;;;;;;;;;;;;;;;;;;;;;;;;;;;;;;;;;;;;;;;;;;;;;;
0,78;;;;;;;;;;;;;;;;;;;;;;;;;;;;;;;;;;;;;;;;;;;;;;;;;;;;;;;;;;;;;;;;;;;;;;;;;;;;;;;;;;;;;;;;;;;;;;;;;;;;;;
0,79;;;;;;;;;;;;;;;;;;;;;;;;;;;;;;;;;;;;;;;;;;;;;;;;;;;;;;;;;;;;;;;;;;;;;;;;;;;;;;;;;;;;;;;;;;;;;;;;;;;;;;
0,8;;;;;;;;;;;;;;;;;;;;;;;;;;;;;;;;;;;;;;;;;;;;;;;;;;;;;;;;;;;;;;;;;;;;;;;;;;;;;;;;;;;;;;;;;;;;;;;;;;;;;;
0,81;;;;;;;;;;;;;;;;;;;;;;;;;;;;;;;;;;;;;;;;;;;;;;;;;;;;;;;;;;;;;;;;;;;;;;;;;;;;;;;;;;;;;;;;;;;;;;;;;;;;;;
0,82;;;;;;;;;;;;;;;;;;;;;;;;;;;;;;;;;;;;;;;;;;;;;;;;;;;;;;;;;;;;;;;;;;;;;;;;;;;;;;;;;;;;;;;;;;;;;;;;;;;;;;
0,83;;;;;;;;;;;;;;;;;;;;;;;;;;;;;;;;;;;;;;;;;;;;;;;;;;;;;;;;;;;;;;;;;;;;;;;;;;;;;;;;;;;;;;;;;;;;;;;;;;;;;;
0,84;;;;;;;;;;;;;;;;;;;;;;;;;;;;;;;;;;;;;;;;;;;;;;;;;;;;;;;;;;;;;;;;;;;;;;;;;;;;;;;;;;;;;;;;;;;;;;;;;;;;;;
0,85;;;;;;;;;;;;;;;;;;;;;;;;;;;;;;;;;;;;;;;;;;;;;;;;;;;;;;;;;;;;;;;;;;;;;;;;;;;;;;;;;;;;;;;;;;;;;;;;;;;;;;
0,86;;;;;;;;;;;;;;;;;;;;;;;;;;;;;;;;;;;;;;;;;;;;;;;;;;;;;;;;;;;;;;;;;;;;;;;;;;;;;;;;;;;;;;;;;;;;;;;;;;;;;;
0,87;;;;;;;;;;;;;;;;;;;;;;;;;;;;;;;;;;;;;;;;;;;;;;;;;;;;;;;;;;;;;;;;;;;;;;;;;;;;;;;;;;;;;;;;;;;;;;;;;;;;;;
0,88;;;;;;;;;;;;;;;;;;;;;;;;;;;;;;;;;;;;;;;;;;;;;;;;;;;;;;;;;;;;;;;;;;;;;;;;;;;;;;;;;;;;;;;;;;;;;;;;;;;;;;
0,89;;;;;;;;;;;;;;;;;;;;;;;;;;;;;;;;;;;;;;;;;;;;;;;;;;;;;;;;;;;;;;;;;;;;;;;;;;;;;;;;;;;;;;;;;;;;;;;;;;;;;;
0,9;;;;;;;;;;;;;;;;;;;;;;;;;;;;;;;;;;;;;;;;;;;;;;;;;;;;;;;;;;;;;;;;;;;;;;;;;;;;;;;;;;;;;;;;;;;;;;;;;;;;;;
0,91;;;;;;;;;;;;;;;;;;;;;;;;;;;;;;;;;;;;;;;;;;;;;;;;;;;;;;;;;;;;;;;;;;;;;;;;;;;;;;;;;;;;;;;;;;;;;;;;;;;;;;
0,92;;;;;;;;;;;;;;;;;;;;;;;;;;;;;;;;;;;;;;;;;;;;;;;;;;;;;;;;;;;;;;;;;;;;;;;;;;;;;;;;;;;;;;;;;;;;;;;;;;;;;;
0,93;;;;;;;;;;;;;;;;;;;;;;;;;;;;;;;;;;;;;;;;;;;;;;;;;;;;;;;;;;;;;;;;;;;;;;;;;;;;;;;;;;;;;;;;;;;;;;;;;;;;;;
0,94;;;;;;;;;;;;;;;;;;;;;;;;;;;;;;;;;;;;;;;;;;;;;;;;;;;;;;;;;;;;;;;;;;;;;;;;;;;;;;;;;;;;;;;;;;;;;;;;;;;;;;
0,95;;;;;;;;;;;;;;;;;;;;;;;;;;;;;;;;;;;;;;;;;;;;;;;;;;;;;;;;;;;;;;;;;;;;;;;;;;;;;;;;;;;;;;;;;;;;;;;;;;;;;;
0,96;;;;;;;;;;;;;;;;;;;;;;;;;;;;;;;;;;;;;;;;;;;;;;;;;;;;;;;;;;;;;;;;;;;;;;;;;;;;;;;;;;;;;;;;;;;;;;;;;;;;;;
0,97;;;;;;;;;;;;;;;;;;;;;;;;;;;;;;;;;;;;;;;;;;;;;;;;;;;;;;;;;;;;;;;;;;;;;;;;;;;;;;;;;;;;;;;;;;;;;;;;;;;;;;
0,98;;;;;;;;;;;;;;;;;;;;;;;;;;;;;;;;;;;;;;;;;;;;;;;;;;;;;;;;;;;;;;;;;;;;;;;;;;;;;;;;;;;;;;;;;;;;;;;;;;;;;;
0,99;;;;;;;;;;;;;;;;;;;;;;;;;;;;;;;;;;;;;;;;;;;;;;;;;;;;;;;;;;;;;;;;;;;;;;;;;;;;;;;;;;;;;;;;;;;;;;;;;;;;;;
1;;;;;;;;;;;;;;;;;;;;;;;;;;;;;;;;;;;;;;;;;;;;;;;;;;;;;;;;;;;;;;;;;;;;;;;;;;;;;;;;;;;;;;;;;;;;;;;;;;;;;;
